Year;Decade;Name;Current country;Anglophone coutry ?;Global;Category;Deaths estimation;Deaths (number retained);Short description;English Wikipedia List of fatal crowd crushes (2023-02-05);nb_wp;Still;Asgary;Working with crowds;nb_wwc;Feliciani et al.;Wikidata item label;Number of sources;Wikidata Qid;causeLabel;immediateCauseLabel;contributingFactorLabel;effectLabel;immediateCauseOfLabel;contributingFactorOfLabel;coords
27;0;Fidenae amphitheatre collapse;Italy;No;North;Structure collapse;30000;30000;Collapse due to too many people for the structure;;;;;1 source : Napolitano 2015;1;;;1;;;;;;;;
66;0;Jewish temple in Jerusalem;Israel/Palestine;No;North;Exterior crowd crush;10000;10000;Riot followed by a panic movement;2 references;2;;;;;;;1;;;;;;;;
140;1;Circus Maximus;Italy;No;North;Structure collapse;1000;1000;Collapse of the wooden parts;;;;;No source;;;;1;;;;;;;;
1711;171;Pont de la Guillotière;France;No;North;Exterior crowd crush;245;245;Crush caused by a blockage on the bridge;1 old reference;1;;;No source;;;;2;;;;;;;;
1727;172;Burwell Barn Fire;United Kingdom;Yes;North;Exterior crowd crush;Several;5;Evacuation through a narrow door following a fire;;;;;2 sources (1 being primary);2;;;1;;;;;;;;
1770;177;Concorde fire;France;No;North;Evacuation crush;300-3000;300;Evacuation after fire due to fireworks;1 reference;1;;;;;;;1;;;;;;;;
1807;180;Newgate disaster;United Kingdom;Yes;North;Exterior crowd crush;20-34;34;Pressure to witness an execution;8 references;8;;;Referring to Wikipedia;;;1807 Newgate stampede;3;;;;;;;;Point(-0.1012 51.5094)
1807;180;Eitai Bridge collapse;Japan;No;North;Structure collapse;1500;1500;Bridge collapsed during a festival;;;;;;;;Eitai Bridge collapse;1;;;;;;Fukagawa Matsuri;;
1810;181;Paisley disaster;United Kingdom;Yes;North;Exterior crowd crush;84;84;Large crowd trying to board the boat;;;;;;;;Paisley canal disaster;1;;;;;;;;Point(-4.426 55.851)
1811;181;Richmond theater fire;USA;Yes;North;Evacuation crush;>70;70;Poor evacuation after fire in a theater;;;;;4 sources;4;;;1;;;;;;;;
1823;182;Valletta Carnival Tragedy;Malta;Yes;North;Interior crowd crush;91-110;110;Crush due to too many people at a bread distribution;7 references;7;;;3 sources;3;;Carnival tragedy of 1823;3;;;;;;;;Point(14.513277777 35.896305555)
1836;183;Leham Theater and Circus Fire;Russia;No;North;Evacuation crush;600-800;600;Evacuation following a fire;;;;;1 source;1;;;1;;;;;;;;
1845;184;Canton Theater Fire;China;No;South;Evacuation crush;1670;1670;Fire during a performance;;;;;No source;;;;1;;;;;;;;
1849;184;Theatre Royal Fire;United Kingdom;Yes;North;Evacuation crush;65-70;70;Fire(quickly estinguished) during a performance;5 references;5;;;;;;;1;;;;;;;;
1851;185;Ninth Ward School disaster;USA;Yes;North;Collapse/Evacuation crush;43;43;Structure fail after a false fire alert;4 references;4;;;;;;Ninth Ward School disaster;2;;;;;;;;
1865;186;Bell Street Hall theater;Australia;Yes;North;Exterior crowd crush;20;20;Pileup at the opening of a theater.;2 references;2;;;1 source;1;;;2;;;;;;;;
1866;186;Bavarese army at Gersfeld;Germany;No;North;Exterior crowd crush;18;18;Panic of an army without any enemy;;;;;;;;Panic at Gersfeld;1;;;;;;;;
1871;187;Shanghai Theater Fire;China;No;South;Evacuation crush;900;900;Fire at the theater;;;;;1 source;1;;Victoria Hall stampede;2;;;;;;;;Point(-1.378333333 54.903611111)
1872;187;Ostrowo Synagogue;Poland;No;North;Collapse/Evacuation crush;19;19;Stair collapse during an evacuation;1 reference;1;;;Referring to Wikipedia;;;;2;;;;;;;;
1876;187;Brooklyn Theater Fire;USA;Yes;North;Evacuation crush;278-300;300;Evacuation much delayed during a fire;31 references;31;;;Multiple sources;;;;2;;;;;;;;
1878;187;Colosseum Theater crush;United Kingdom;Yes;North;Evacuation crush;37;37;Crush after a false fire alert;;;;;;;;;0;;;;;;;;
1883;188;Brooklyn bridge;USA;Yes;North;Exterior crowd crush;1?;1;Crush after a women tripped on the stairway;1 reference;1;;;;;;;1;;;;;;;;
1883;188;Victoria Hall;United Kingdom;Yes;North;Interior crowd crush;183;183;Crush for a children's gift distribution;11 references;11;;;5 sources;5;;;2;;;;;;;;
1883;188;Ziwonka synagogue;Ukraine;No;North;Evacuation crush;40;40;Crush after a false fire alert;1 reference;1;;;;;;;1;;;;;;;;
1884;188;Glasgow Theater;Australia;Yes;North;Evacuation crush;14;14;Crush after a false fire alert;;;;;1 source;1;;;1;;;;;;;;
1887;188;Exeter Theatre Royal fire;United Kingdom;Yes;North;Evacuation crush;186;186;Crush and incomplete evacuation during a fire;45 references;45;;;;;;;1;;;;;;;;
1888;188;Elefantenkatastrophe;Germany;No;North;Exterior crowd crush;4;4;Crush at an elephant parade in the center of Munich;;;;;;;;Q48754354;1;;;;;;;;
1896;189;Khodynka Tragedy;Russia;No;North;Exterior crowd crush;1282;1282;Too many people at the coronation gift distribution;8 references;8;;;8 sources;8;;Khodynka Tragedy;3;;;;;;;;Point(37.53111111 55.78722222)
1902;190;Ibrox Stadium;United Kingdom;Yes;North;Structure collapse;25;25;Collapse of a new tribune;;;Listed;;6 sources;6;;;2;;;;;;;;
1902;190;Shiloh Baptist Church;USA;Yes;North;Evacuation crush;115;115;Crush after a false fire alert;4 references;4;;;;;Listed;Shiloh Baptist Church disaster;3;;;;;;;;Point(-86.894 33.513)
1903;190;Iroquois Theater Fire;USA;Yes;North;Evacuation crush;602;602;Evacuation following a fire;50 references;50;;;8 sources;8;;;2;;;;;;;;
1908;190;Barnsley Public Hall;United Kingdom;Yes;North;Interior crowd crush;16;16;Overcrowding at a children's event;4 references;4;;;;;Listed;;2;;;;;;;;
1908;190;Collinwood school fire;USA;Yes;North;Evacuation crush;175;175;Crush after a fire, blocking evacuation;9 references;9;;;;;;;1;;;;;;;;
1911;191;Canonsburg Opera House disaster;USA;Yes;North;Evacuation crush;16;16;Crush after a false fire alert;9 references;9;;;;;;Canonsburg Opera House disaster;2;;;;;;;;Point(-80.1862 40.2586)
1913;191;Italian Hall disaster;USA;Yes;North;Evacuation crush;73;73;Crush after a false fire alert;22 references;22;;;;;Listed;Italian Hall disaster;3;;;;;;;;Point(-88.4553 47.2484)
1914;191;Brick wall collapse;United Kingdom;Yes;North;Structure collapse;0;0;Brick wall collapse during a game;;;Listed;;;;Listed;;2;;;;;;;;
1918;191;Bolivar crowd crush;France;No;North;Evacuation crush;60-70;70;Crush when entering a metro station during a bombing;2 references;2;;;;;;;1;;;;;;;;
1929;192;Glen Cinema disaster;United Kingdom;Yes;North;Evacuation crush;71;71;Crush after smoke in a cinema seance;18 references;18;;;6 sources;6;Listed;;3;;;;;;;;
1934;193;Kyoto station tragedy;Japan;No;North;Exterior crowd crush;77;77;Crush in station stairs at the departure of army recruits;1 reference;1;;;;;Listed;1934 Kyoto station stampede;3;;;;;;;;Point(135.757756 34.985458)
1934;193;Hillsborough stadium 1934;United Kingdom;Yes;North;Exterior crowd crush;1;1;Men trying to enter the stadium pressed against a gate;;;;;;;Listed;;1;;;;;;;;
1939;193;Stadium roof collapsing;United Kingdom;Yes;North;Structure collapse;2;2;Collapse of the rood climbed to enter a stadium;;;;;;;Listed;;1;;;;;;;;
1942;194;Galleria delle Grazie;Italy;No;North;Evacuation crush;354;354;Crush when entering a railway tunnel during a bombing;1 reference;1;;;;;Listed;;2;;;;;;;;
1943;194;Bethnal Green station;United Kingdom;Yes;North;Evacuation crush;173;173;Crush when entering a metro station during a bombing;13 references;13;;;12 sources;12;Listed;Bethnal Green tube disaster;4;;;;;;;;Point(-0.055169444 51.52735)
1944;194;Hartford Circus Fire;USA;Yes;North;Evacuation crush;167-169+;169;Crush and incomplete evacuation during a fire;40 references;40;;;;;;;1;;;;;;;;
1946;194;Burnden Park disaster;United Kingdom;Yes;North;Exterior crowd crush;33;33;Too many spectators for a football game;13 references;13;Listed;;6 sources;6;Listed;Burnden Park disaster;5;;;;;;;;Point(-2.41611111 53.56888889)
1952;195;Santa Teresa Church tragedy;Venezuela;No;South;Evacuation crush;46-53;53;Crush after a (potentially false) fire alert;4 references;4;;Listed;;;Listed;Santa Teresa Church tragedy;4;;;;;;;;
1953;195;Stalin funeral;Russia;No;North;Exterior crowd crush;109+;109;Limited capacity for funeral entrance;1 reference;1;;Listed;1 source;1;Listed;;4;;;;;;;;
1954;195;二重橋事件;Japan;No;North;Unknown;16;16;Cascade reaction;;;;;;;Listed;Q11371848;2;;Q17193309;;;;;;Point(139.753333 35.68)
1954;195;Kumbh Mela 1954;India;Partially;South;Exterior crowd crush;350-800+;350;Crush during the festival;17 references;17;;Listed;1 source;1;Listed;1954 Kumbh Mela stampede;5;;;;;;;;
1955;195;Santiago stadium;Chile;No;South;Exterior crowd crush;6-7; 7 ;Too many spectators for a football game;;;Listed;Listed;;;Listed;;3;;;;;;;;
1955;195;Wielopole Skrzyńskie cinema fire;Poland;No;North;Evacuation crush;58;58;Fire in a cinema, crush part unknown;;;;;Referring to Wikipedia;;;;1;;;;;;;;
1955;195;Le Mans race;France;No;North;Not a crush;84;84;Race crash;;;;;9 sources;;;;;;;;;;;;
1956;195;Yahiko Shrine;Japan;No;North;Exterior crowd crush;124;124;Collision of two flows at a New Year's event;;;;Listed;1 source;1;Listed;1956 Yahiko Shrine Stampede;4;;;;;;;;
1957;195;Crowd surge in UK 1957;United Kingdom;Yes;North;Structure collapse;1;1;Collapse of a wall after a surge of the crowd;;;;;;;Listed;;1;;;;;;;;
1959;195;Busan stadium;South Korea;No;North;Exterior crowd crush;57;57;Heavy rain led to a crowd movement;No reference;;;Listed;;;;;2;;;;;;;;
1960;196;Seoul station;South Korea;No;North;Interior crowd crush;31;31;Too much people at the ticket hall or on a train;1 reference;1;;Listed;;;;;2;;;;;;;;
1961;196;Last minute goal in UK 1961;United Kingdom;Yes;North;Exterior crowd crush;2;2;Last minute goal created a surge and a collision;;;;;;;Listed;;1;;;;;;;;
1961;196;Ibrox 1961;United Kingdom;Yes;North;Exterior crowd crush;2;2;Unclear;;;Listed;Listed;;;;;2;;;;;;;;
1961;196;Gran Circo Norte Americano;Brazil;No;South;Evacuation crush;323;323;Fire in a circus;;;;;1 source;1;;;1;;;;;;;;
1962;196;Collapse in UK 1962;United Kingdom;Yes;North;Structure collapse;0;0;Barrier collapse during a football game;;;;;;;Listed;;1;;;;;;;;
1964;196;Estadio Nacional;Peru;No;South;Evacuation crush;328;328;Lack of evacuation after the repression of a protestation;3 references;3;Listed;Listed;5 sources;5;Listed;Estadio Nacional disaster;6;;;;;;;;Point(-77.0337 -12.0673)
1966;196;Illinois State Fair;USA;Yes;North;Not a crush;3;3;Accident in the preparation of a demonstration;;;;;1 source;;;;;;;;;;;;
1966;196;Game in Netherlands 1966;Netherlands;No;North;Exterior crowd crush;0;0;Pressure to better see the game as there was fog;;;;;;;Listed;;1;;;;;;;;
1967;196;Stadium in UK 1967;United Kingdom;Yes;North;Exterior crowd crush;0;0;Too many spectators for a football game;;;;;;;Listed;;1;;;;;;;;
1967;196;Atatürk Stadium;Turkey;No;North;Evacuation crush;43;43;Spectators fleeing from a riot;;;Listed;Listed;1 source;1;Listed;;4;;;;;;;;
1968;196;Stadium in UK 1968;United Kingdom;Yes;North;Exterior crowd crush;0;0;Too many spectators for a football game;;;;;;;Listed;;1;;;;;;;;
1968;196;Puerta 12;Argentina;No;South;Evacuation crush;71;71;Unclear circumstances at the end of the match;3 references;3;Listed;Listed;5 sources;5;Listed;Q6151502;6;;;;;;;;Point(-58.4497 -34.5452)
1969;196;Covington drag accident;USA;Yes;North;Not a crush;12;12;Drag race accident;;;;;1 source;;;;;;;;;;;;
1969;196;Altamont Free Concert;USA;Yes;North;Not a crush;1;1;Murder at a concert;;;;;No source;;;;;;;;;;;;
1969;196;Stadium in Turkey 1969;Turkey;No;North;Exterior crowd crush;4;4;In Turkish only;;;;;;;;Q6102762;1;;;;;;;;Point(33.503638888 39.835861111)
1970;197;Saint-Laurent-du-Pont club;France;No;North;Evacuation crush;142;142;Doors closes and possible crush after fire in a club;;;;;1 source;1;;;1;;;;;;;;
1971;197;Ibrox 1971;United Kingdom;Yes;North;Exterior crowd crush;66;66;Possibly last minute goal or just evacuation;23 references;23;Listed;Listed;20 sources;20;Listed;1971 Ibrox disaster;6;;;;;;;;Point(-4.306944444 55.853611111)
1971;197;Salvador stadium;Brazil;No;South;Exterior crowd crush;4;4;Rumors abour the possible collapse of the stadium;;;Listed;Listed;1 source;1;Listed;;4;;;;;;;;
1972;197;Sennichi Department Store;Japan;No;North;Evacuation crush;118+;118;Fire during a performance, around 3 deaths due to crush;;;;;Referring to Wikipedia;;;;1;;;;;;;;
1972;197;Blue Bird Café;Canada;Yes;North;Evacuation crush;37;37;Crush during the evacuation after a criminal fire;;;;;Referring to Wikipedia;;;;1;;;;;;;;
1973;197;Upstairs Lounge;USA;Yes;North;Not a crush;32;32;Fire;;;;;1 source;;;;;;;;;;;;
1973;197;Summerland fire;United Kingdom;Yes;North;Evacuation crush;50;50;Crush on the main entrance as other doors were locked;;;;;1 source;1;;;1;;;;;;;;
1974;197;Zamalek Stadium;Egypt;No;South;Exterior crowd crush;48-50;50;Match replanified in a smaller stadium;;;Listed;Listed;Referring to Wikipedia;;Listed;Zamalek disaster;5;;;;;;;;Point(31.2036 30.0586)
1974;197;David Cassidy concert;United Kingdom;Yes;North;Exterior crowd crush;1;1;Teenagers crush during the concert in the stadium;;;;;1 source;1;;;1;;;;;;;;
1974;197;Gulliver's;USA;Yes;North;Evacuation crush;24;24;Crush during evacuation after a fire;;;;;1 source;1;;;1;;;;;;;;
1975;197;Sokolniki stadium;Russia;No;North;Interior crowd crush;Several;5;Crush at chewing-gum distribution and end of match;;;Listed;Listed;1 source;1;Listed;;4;;;;;;;;
1976;197;Puerto Rico club;USA;Yes;North;Not a crush;25;25;Not sufficient evacuation during a fire;;;;;1 source;;;;;;;;;;;;
1976;197;Cameroon v. Congo 1976;Cameroon;Partially;South;Not a crush;2;2;Riot after a referee decision;;;Listed;Listed;1 source;;;;;;;;;;;;
1976;197;Port-au-Prince stadium;Haiti;No;South;Exterior crowd crush;0-3;0;Confused situation after hearing the sound of a gun;;;Listed;Listed;1 source;1;Listed;;4;;;;;;;;
1977;197;Xianjiang cinema fire;China;No;South;Unknown;964;964;Unclear;;;;;1 source;1;;;1;;;;;;;;
1977;197;Malaysian Grand Prix;Malaysia;No;South;Not a crush;5;5;Car accident;;;;;1 source;;;;;;;;;;;;
1977;197;Rally in Turkey;Turkey;No;North;Exterior crowd crush;27;27;Crowd crush during the the repression of a political rally;;;;;;;Listed;;1;;;;;;;;
1977;197;Kentucky Supper;USA;Yes;North;Evacuation crush;165;165;Probably a crush during evacuation;;;;;1 source;1;;;1;;;;;;;;
1978;197;Brisbane Road stadium;United Kingdom;Yes;North;Structure collapse;0;0;Collapse of a wall;;;;;1 source;1;;;1;;;;;;;;
1978;197;Abadan attack;Iran;No;South;Evacuation crush;377+;377;Crush during a terrorist attack;;;;;1 source;1;;;1;;;;;;;;
1979;197;Collapse in Germany 1979;Germany;No;North;Structure collapse;0;0;Collapse of a structure from fans pressure;;;;;;;Listed;;1;;;;;;;;
1979;197;Collapse in Indonesia 1979;Indonesia;No;South;Structure collapse;9;9;200,000 patrons in a stadium designed for 30,000;;;;;;;Listed;;1;;;;;;;;
1979;197;The Who concert disaster;USA;Yes;North;Exterior crowd crush;11;11;Crowd pressing to enter the concert hall;34 references;34;;Listed;14 sources;14;Listed;;4;;;;;;;;
1979;197;Rosario nightclub fire;Argentina;No;South;Unknown;16;16;Fire, no crush explicitly cited;;;;;1 source;1;;;1;;;;;;;;
1979;197;Stampede in Nigeria 1979;Nigeria;Yes;South;Interior crowd crush;24;24;Sampede during light failure;;;Listed;Listed;;;;;2;;;;;;;;
1980;198;Opémiska Community Hall;Canada;Yes;North;Not a crush;48;48;Fire, no crush explicitly cited;;;;;1 source;;;;;;;;;;;;
1980;198;Collapse in UK 1980;United Kingdom;Yes;North;Structure collapse;2;2;Structure collapse due to crowd management;;;;;;;Listed;;1;;;;;;;;
1980;198;Corralejas bullring;Colombia;No;South;Structure collapse;222;222;Collapse of bleachers in Sincelejo;;;;;1 source;1;;;1;;;;;;;;
1980;198;Rally in Zaire 1980;Congo;No;South;Exterior crowd crush;9;9;Crush when entering a religious meeting;;;;;;;Listed;;1;;;;;;;;
1980;198;Castelao Stadium;Brazil;No;South;Exterior crowd crush;3-7;07-janv;Crush when entering by force a religious meeting;2 references;2;;Listed;;;Listed;;3;;;;;;;;
1980;198;Cinema in Iraq 1980;Iraq;No;South;Evacuation crush;59;59;Fire in a cinema, crush part unknown;;;;;;;Listed;;1;;;;;;;;
1980;198;Stadium in India 1980;India;Partially;South;Evacuation crush;16;16;Crowd trying to escape violence in the stadium;;;;;;;Listed;;1;;;;;;;;
1981;198;Karaiskakis Stadium disaster;Greece;No;North;Exterior crowd crush;21-24;24;Crush at the end of the game, door semi-closed;5 references;5;Listed;Listed;1 source;1;Listed;Karaiskakis Stadium disaster;6;;;;;;;;Point(23.66431667 37.94644722)
1981;198;Bangalore circus fire;India;Partially;South;Evacuation crush;92;92;Mosly children,  deaths due more to stampede than fire;;;;;No source;;;;1;;;;;;;;
1981;198;Stardust cabaret fire;Ireland;Yes;North;Unknown;48;48;Fire, no crush explicitly cited;;;;;8 sources;8;;;1;;;;;;;;
1981;198;Hillsborough stadium 1981;United Kingdom;Yes;North;Exterior crowd crush;0;0;Insufficient space for the ticket holders;;;Listed;Listed;1 source;1;Listed;;4;;;;;;;;
1981;198;Odyssey Lounge;USA;Yes;North;Evacuation crush;5;5;Fire in a disco, crush part unknown;;;;;1 source;1;;;1;;;;;;;;
1981;198;Manila Film Center;Philippines;No;South;Not a crush;40-169;169;Collapse of the structure;;;;;1 source;;;;;;;;;;;;
1981;198;Qutab Minar Tower;India;Partially;South;Interior crowd crush;45;45;Sudden move of  harassed tourists duing blackout;;;;;1 source;1;;;1;;;;;;;;
1982;198;Luzhniki disaster;Russia;No;North;Exterior crowd crush;66;66;Crush when the crowd took the stairs at the end;43 references;43;Listed;Listed;8 sources;8;Listed;Luzhniki disaster;6;;;;;;;;Point(37.553611111 55.715833333)
1982;198;Estadio Olímpico Pascual Guerrero;Peru;No;South;Exterior crowd crush;22;22;Last-minute goad and counter-flows;;;Listed;Listed;1 source;1;Listed;;4;;;;;;;;
1982;198;Collapse in Algeria 1982;Algeria;No;South;Structure collapse;10;10;Roof collapse in an overcrowded stadium;;;;;;;Listed;;1;;;;;;;;
1983;198;Cinema Statuto fire;Italy;No;North;Evacuation crush;64+;64;Fire during a projection;;;;;1 source;1;;;1;;;;;;;;
1983;198;Taregu fire;South Korea;No;North;Unknown;24;24;Fire, no crush explicitly cited;;;;;1 source;1;;;1;;;;;;;;
1983;198;Alcalá 20 disco fire;Spain;No;North;Unknown;81;81;Fire, no crush explicitly cited;;;;;1 source;1;;;1;;;;;;;;
1984;198;Collapse in UK 1984;United Kingdom;Yes;North;Structure collapse;0;0;Crowd surge after a goal led to a wall collapse;;;;;;;Listed;;1;;;;;;;;
1985;198;Bradford City stadium;United Kingdom;Yes;North;Evacuation crush;56;56;Crush at the turnstiles during the fire;;;Listed;Listed;13 sources;13;;;3;;;;;;;;
1985;198;Túnel 29;Mexico;No;South;Exterior crowd crush;11;11;Closure of a grid at the stadium created a crush;;;;Listed;;;Listed;TÃºnel 29 tragedy;3;;;;;;;;
1985;198;Heysel Stadium disaster;Belgium;No;North;Structure collapse;39;39;Collapse of the structure when fleeing from a riot;60 references;60;Listed;Listed;14 sources;14;Listed;Heysel Stadium disaster;6;;;;;;;;Point(4.333888888 50.895)
1986;198;La Belle club explosion;Germany;No;North;Not a crush;3;3;Bombing in a club;;;;;1 source;;;;;;;;;;;;
1986;198;Kumbh Mela 1986;India;Partially;South;Exterior crowd crush;47+;47;Rush to reach the Gange after police cordon;;;;Listed;1 source;1;Listed;;3;;;;;;;;
1986;198;Ozzy Osbourne concert;USA;Yes;North;Not a crush;1;1;People harmed during a concert;;;;;1 source;;;;;;;;;;;;
1986;198;Lord Rama temple;India;Partially;South;Exterior crowd crush;32+;32;Rope barriers gave way during religious procession;;;;;1 source;1;;;1;;;;;;;;
1987;198;Panic in Tripoli;Libya;No;South;Exterior crowd crush;2-20; 20 ;Panic led to the collapse of a wall;;;Listed;Listed;;;;;2;;;;;;;;
1987;198;King's Cross fire;United Kingdom;Yes;North;Not a crush;31;31;Fire in an escalator;;;;;9 sources;;;;;;;;;;;;
1987;198;Fog in China 1987;China;No;South;Exterior crowd crush;17;17;Crowd trying to board a ferry after service suspension;;;;;;;Listed;1987 Shanghai Lujiazui Ferry Station Stampede;2;#REF!;;;;;;;
1987;198;Public Enemy concert;USA;Yes;North;Interior crowd crush;2;2;Public trying to join a post-concert party;;;;;1 source;1;;;1;;;;;;;;
1987;198;Chengguen primary school;China;No;South;Evacuation crush;28;28;Door locked on the way of the school assembly;2 references;2;;Listed;;;Listed;;3;;;;;;;;
1988;198;Turia disco;Japan;No;North;Not a crush;2;2;Chandelier fell on the dancefloor;;;;;1 source;;;;;;;;;;;;
1988;198;Katmandu stadium;Nepal;No;South;Evacuation crush;93;93;Hailstorm, doors closed and evacuation stopped by police;5 references;5;Listed;Listed;3 sources;3;Listed;;5;;;;;;;;
1988;198;Guns N' Roses concert;United Kingdom;Yes;North;Exterior crowd crush;2;2;Crush during the concert;2 references;2;Listed;Listed;1 source;1;Listed;;5;;;;;;;;
1988;198;Ramstine Air Show;Germany;No;North;Not a crush;70;70;Plane crash on the crowd;;;;;1 source;;;;;;;;;;;;
1989;198;Hillsborough stadium 1989;United Kingdom;Yes;North;Exterior crowd crush;97;97;Failure of crowd control when entering the stadium;328 references;328;Listed;Listed;57 sources;57;Listed;Hillsborough disaster;6;;;;;;;;Point(-1.5016 53.4115)
1989;198;Khomeini funeral crush;Iran;No;South;Exterior crowd crush;2;2;Unclear;No reference;;;;;;;;1;;;;;;;;
1990;199;Flying nighclub fire;Spain;No;North;Unknown;43;43;Fire, no crush explicitly cited;;;;;1 source;1;;;1;;;;;;;;
1990;199;Happy Land fire;USA;Yes;North;Unknown;87;87;Fire, no crush explicitly cited;;;;Listed;11 sources;11;;;2;;;;;;;;
1990;199;1990 Hajj stampede;Saudi Arabia;No;South;Exterior crowd crush;1426;1426;People falling on people exiting a tunnel;16 references;16;Listed;Listed;7 sources;7;Listed;1990 Hajj stampede;6;;;;;;;;
1990;199;Fire in Mogadiscio;Somalia;No;South;Not a crush;7;7;Bodyguards opened fire;;;Listed;Listed;;;;;;;;;;;;;
1991;199;Orkney disaster;South Africa;Partially;South;Exterior crowd crush;42;42;Crush when trying to avoid a riot;No reference;;Listed;Listed;3 sources;3;Listed;;5;;;;;;;;
1991;199;AC/DC concert in Salt Lake City;USA;Yes;North;Interior crowd crush;3;3;Fans racing the stage;2 references;2;;;9 sources;9;Listed;;3;;;;;;;;
1991;199;Chalma sanctuary;Mexico;No;South;Interior crowd crush;43;43;Crowd seeking access to the sanctuary;1 reference;1;;Listed;2 sources;2;Listed;;4;;;;;;;;
1991;199;Kenya-Mozambique;Kenya;Yes;South;Exterior crowd crush;1;1;Stampede during the match;;;Listed;Listed;;;;;2;;;;;;;;
1991;199;Taiyuan Illumination show;China;No;South;Exterior crowd crush;105;105;Blockage at the bridge;2 references;2;;Listed;1 source;1;Listed;1991 Taiyuan Illumination show crush;5;;;;;;;;
1991;199;City College;USA;Yes;North;Interior crowd crush;8-9;9;Entrance of a oversold basketball game;1 reference;1;;Listed;No source;;Listed;City College stampede;5;;;;;;;;Point(-73.95 40.8194)
1992;199;Lake of Kumbakonam;India;Partially;South;Exterior crowd crush;47+;47;Structure collapse followed by a stampede;;;;;No source;;Listed;Mahamaham stampede;3;#REF!;;;;;;;
1992;199;Bastia stadium;France;No;North;Structure collapse;17;17;Last-minute temporary structure collapse ;;;Listed;Listed;1 source;1;Listed;;4;;;;;;;;
1992;199;Los Angeles Riots;USA;Yes;North;Not a crush;51;51;Riots after a tribunal decision;;;Listed;Listed;;;;;;;;;;;;;
1992;199;Michael Jackson concert;Germany;No;North;Exterior crowd crush;0;0;Rush at the barriers at the concert;;;;Listed;;;;;1;;;;;;;;
1992;199;Maharashtra, Nagpur;India;Partially;South;Exterior crowd crush;38;38;Stampede at a religious festival;;;;;3 sources;3;;;1;;;;;;;;
1992;199;Maracana stadium;Brazil;No;South;Exterior crowd crush;0;0;Crush when part of the fencing gave way;;;Listed;Listed;;;Listed;;3;;;;;;;;
1993;199;Lan Kwai Fong;China;No;South;Exterior crowd crush;21;21;New Year's exterior crush;3 references;3;Listed;Listed;5 sources;5;Listed;;5;;;;;;;;
1993;199;Kheyvis nighclub fire;Argentina;No;South;Unknown;17;17;Fire, no crush explicitly cited;;;;;Referring to Wikipedia;;;;1;;;;;;;;
1993;199;Wisconsin Badgers;USA;Yes;North;Exterior crowd crush;0;0;Celebration on the field after a game;;;;Listed;;;Listed;;2;;;;;;;;
1994;199;Hengyang railroad station;China;No;South;Exterior crowd crush;40+;40;Man trying to pick luggage in overcrowded station;;;;;1 source;1;;;1;;;;;;;;
1994;199;1994 Hajj stampede;Saudi Arabia;No;South;Exterior crowd crush;270+;270;Too much people on the Jamaraat bridge;9 references;9;Listed;Listed;Referring to Wikipedia;;Listed;1994 Hajj stampede;6;;;;;;;;
1994;199;Brazzaville church;Congo;No;South;Exterior crowd crush;143;143;Tropical storm when crowd was leaving the church;;;;;1 source;1;;;1;;;;;;;;
1994;199;Aerosmith concert;Costa Rica;No;South;Exterior crowd crush;1;1;People pressing to join the concert;;;;;1 source;1;;;1;;;;;;;;
1994;199;Gowari stampede;India;Partially;South;Exterior crowd crush;114;114;Police trying to disperse protesters;10 references;10;;Listed;;;Listed;;3;;;;;;;;
1994;199;Gdansk Shipyard Auditorium;Poland;No;North;Evacuation crush;3-7; 7 ;Crush when fire began during the concert;;;Listed;Listed;1 source;1;;;3;;;;;;;;
1994;199;Fuxin nightclub;China;No;South;Unknown;233-234;234;Fire, no crush explicitly cited;;;Listed;Listed;;;;;2;;;;;;;;
1994;199;Karamay theatre;China;No;South;Not a crush;323;323;Fire at the theater;;;;;1 source;;;;;;;;;;;;
1995;199;Taichung Weierkang Club fire;Taiwan;No;North;Unknown;64;64;Fire, no crush explicitly cited;;;Listed;Listed;1 source;1;;;3;;;;;;;;
1995;199;Freetown crowd incident;Sierra Leone;Yes;South;Exterior crowd crush;13;13;Unclear, crush at a religious event;;;Listed;Listed;1 source;1;;;3;;;;;;;;
1995;199;Urumqi club fire;China;No;South;Unknown;51;51;Fire, no crush explicitly cited;;;Listed;Listed;1 source;1;;;3;;;;;;;;
1995;199;Arad Festival disaster;Israel;No;North;Exterior crowd crush;2;2;Crowd pushed against the gate during festival;1 reference;1;;Listed;;;;;2;;;;;;;;
1995;199;Pacaembu Stadium;Brazil;No;South;Unknown;?;0;Riot between football fans, no crush visible;;;;;1 source;1;;;1;;;;;;;;
1995;199;Rajiv Marriage Palace fire;India;Partially;South;Unknown;442;442;Fire, no crush explicitly cited;;;Listed;Listed;1 source;1;;;3;;;;;;;;
1996;199;Ozone Disco fire;Philippines;No;South;Evacuation crush;162;162;Fire in a disco, crush part unknown;;;Listed;Listed;1 source;1;;;3;;;;;;;;
1996;199;Smashing Pumpkins concert;Ireland;Yes;North;Interior crowd crush;1;1;Intentional melee during a concert;;;;;1 source;1;;;1;;;;;;;;
1996;199;Lusaka stadium;Zambia;Yes;South;Exterior crowd crush;15+;15;Apparent panic at a door of the stadium;;;Listed;Listed;1 source;1;Listed;;4;;;;;;;;
1996;199;Tripoli stadium;Libya;No;South;Exterior crowd crush;8;8;Crowd fleeing the stadium after gunfire;;;Listed;Listed;1 source;1;;;3;;;;;;;;
1996;199;New Moon Festival Ujjain;India;Partially;South;Exterior crowd crush;37;37;Unclear, crush at a religious event;;;;;1 source;1;Listed;1996 Ujjain and Haridwar stampedes;3;;;;;;;;
1996;199;New Moon Festival Haridwar;India;Partially;South;Exterior crowd crush;21;21;Narrow bridge after ritual bathing;;;;;1 source;1;Listed;;2;;;;;;;;
1996;199;Tembisa station;South Africa;Partially;South;Exterior crowd crush;15+;15;Ticketing control using electric prods;;;;;1 source;1;Listed;;2;;;;;;;;
1996;199;Guatemala stadium;Guatemala;No;South;Exterior crowd crush;83+;83;Overcrowding at the stadium;8 references;8;Listed;;No source;;Listed;Q73641311;5;;;;;;;;
1997;199;New Year 1997;United Kingdom;Yes;North;Structure collapse;0;0;Railings collapsed at a New Year celebration;;;;Listed;;;Listed;;2;;;;;;;;
1997;199;Kowloon Top Cafe fire;China;No;South;Unknown;15;15;Fire, no crush explicitly cited;;;;;1 source;1;;;1;;;;;;;;
1997;199;Nigeria stadium;Nigeria;Yes;South;Evacuation crush;5;5;2 gates opened instead of 5 at the end of the game;;;;;;;Listed;;1;;;;;;;;
1997;199;Maccabiah Games;Israel;No;North;Structure collapse;2;2;Temporary bridge collapsed;;;;;1 source;1;;;1;;;;;;;;
1997;199;Amarante nightclub;Portugal;No;North;Unknown;12;12;Fire, no crush explicitly cited;;;;;1 source;1;;;1;;;;;;;;
1997;199;1997 Hajj stampede;Saudi Arabia;No;South;Exterior crowd crush;22;22;Crush at the Jamarat bridge;;;Listed;Listed;;;;;2;;;;;;;;
1997;199;Mecca fire;Saudi Arabia;No;South;Evacuation crush;343-2000;343;Crush during a fire at Mina tents;;;;;1 source;1;;;1;;;;;;;;
1997;199;Brihadiswara temple fire;India;Partially;South;Evacuation crush;40;40;Fire at the temple, crush part unclear.;;;;;1 source;1;;;1;;;;;;;;
1997;199;Uphaar Cinema fire;India;Partially;South;Unknown;59;59;Fire, no crush explicitly cited;;;;;1 source;1;;;1;;;;;;;;
1997;199;MDM Grand boxing match;USA;Yes;North;Evacuation crush;0;0;False gunfire alert;;;;;1 source;1;;;1;;;;;;;;
1997;199;Die Toten Hosen concert;Germany;No;North;Exterior crowd crush;1;1;Crush during the concert in the stadium;;;;;No source;;;;1;;;;;;;;
1997;199;Royal Jordanian Falcons;Belgium;No;North;Not a crush;8;8;Airplane crash during a demonstration;;;;;1 source;;;;;;;;;;;;
1997;199;Servando y Florentino concert;Peru;No;South;Exterior crowd crush;5;5;Crush during the concert;;;;;1 source;1;;;1;;;;;;;;
1997;199;Ciudad del Este stadium;Paraguay;No;South;Structure collapse;33+;33;Structure collapse due to the weather;;;;;1 source;1;;;1;;;;;;;;
1997;199;Rolling Stones concert;USA;Yes;North;Not a crush;1;1;Fan falling from a railing;;;;;1 source;;;;;;;;;;;;
1998;199;1998 Hajj stampede;Saudi Arabia;No;South;Exterior crowd crush;118;118;Crush at Djamarat Bridge;1 reference;1;Listed;Listed;No source;;Listed;1998 Hajj stampede;6;;;;;;;;
1998;199;Harare stadium 1998;Zimbabwe;Yes;South;Exterior crowd crush;4;4;Insufficient space for spectators;;;;;1 source;1;Listed;;2;;;;;;;;
1998;199;Nalchik balcony collapse;Russia;No;North;Not a crush;23;23;Apparently no role of the crowd, structural problem;;;;;1 source;;;;;;;;;;;;
1998;199;Tear gas bomb in Peru;Peru;No;South;Unknown;9;9;Tear gas bomb in a disco, no crush cited;;;;;;;Listed;;1;;;;;;;;
1998;199;Gothenburg disco;Sweden;No;North;Evacuation crush;63;63;Fire in a disco, crush part unknown;;;Listed;Listed;5 sources;5;;;3;;;;;;;;
1999;199;Alexandria stadium;Egypt;No;South;Exterior crowd crush;11;11;Stampede after the match;;;Listed;Listed;No source;;;;3;;;;;;;;
1999;199;1999 Sabarimala stampede;India;Partially;South;Exterior crowd crush;53;53;Stampede after a shrine collapsed;5 references;5;Listed;Listed;1 source;1;Listed;1999 Sabarimala stampede;6;;;;;;;;
1999;199;Nyamiha metro station;Belarus;No;North;Interior crowd crush;53;53;Rushing in the station to get shelter during a storm;3 references;3;Listed;Listed;1 source;1;Listed;Nyamiha disaster;6;;;;;;;;Point(27.5525 53.9053)
1999;199;Air and Style show;Austria;No;North;Exterior crowd crush;6;6;Crush at the end of the event on a slippy slope;1 reference;1;;Listed;1 source;1;Listed;;4;;;;;;;;
1999;199;Inchon beer hall;South Korea;No;North;Unknown;55;55;Fire, no crush explicitly cited;;;;Listed;1 source;1;;;2;;;;;;;;
2000;200;Kanungu church fire;Uganda;Yes;South;Not a crush;~600;600;Not a crush, mass suicide or murder;;;;;1 source;;;;;;;;;;;;
2000;200;Throb nightclub disaster;South Africa;Partially;South;Evacuation crush;13;13;Teargas in the nightclub;7 references;7;Listed;Listed;7 sources;7;Listed;;5;;;;;;;;
2000;200;Jiaozuo cinema;China;No;South;Unknown;74;74;Fire, no crush explicitly cited;;;Listed;Listed;3 sources;3;;;3;;;;;;;;
2000;200;Luanda Disco;Portugal;No;North;Evacuation crush;7;7;Pepper gas in a nightclub;;;Listed;Listed;3 sources;3;Listed;;4;;;;;;;;
2000;200;Monrovia Stadium;Liberia;No;South;Exterior crowd crush;3;3;Crowd surge in an overcrowded stadium;;;Listed;Listed;1 source;1;Listed;;4;;;;;;;;
2000;200;Highway 29 bridge collapse;USA;Yes;North;Structure collapse;0;0;Bridge collapsed after an event;;;;;4 sources;4;;;1;;;;;;;;
2000;200;Circus in Pakistan;Pakistan;No;South;Interior crowd crush;8;8;Crush in a circus during a breal;;;;;;;Listed;;1;;;;;;;;
2000;200;Memorial ceremony in Ethiopia;Ethiopia;No;South;Evacuation crush;14;14;Rush from a rainstorm;;;;;;;Listed;;1;;;;;;;;
2000;200;Roskilda Festival;Denmark;No;North;Exterior crowd crush;8;8;Crush during a concert;No reference;;Listed;Listed;14 sources;14;Listed;;5;;;;;;;;
2000;200;Metallica concert;USA;Yes;North;Not a crush;1;1;Person falling from fifth storey;;;;;4 sources;;;;;;;;;;;;
2000;200;Harare stadium 2000;Zimbabwe;Yes;South;Exterior crowd crush;12;12;Panic after police repression;1 reference;1;Listed;Listed;7 sources;7;Listed;;5;;;;;;;;
2000;200;Zemfira concert;Russia;No;North;Exterior crowd crush;0;0;Unclear crush at a concert;;;;;1 source;1;;;1;;;;;;;;
2000;200;AC/DC concert in Ghent;Belgium;No;North;Not a crush;1;1;Person falling 7 meters when dancing;;;;;1 source;;;;;;;;;;;;
2000;200;Lobohombo nightclub fire;Mexico;No;South;Evacuation crush;20;20;Fire in a disco, crush part unknown;;;Listed;Listed;6 sources;6;;;3;;;;;;;;
2000;200;Luoyang disco fire;China;No;South;Unknown;309;309;Fire, no crush explicitly cited;;;Listed;Listed;9 sources;9;;;3;;;;;;;;
2000;200;Sao Januario stadium;Brazil;No;South;Structure collapse;0;0;Fence collapsed under the pressure of fans;;;Listed;Listed;2 sources;2;Listed;;4;;;;;;;;
2000;200;2000 Sheila concert;Indonesia;No;South;Unknown;4;4;Overcrowding at a concert;;;;;3 sources;3;;;1;;;;;;;;
2001;200;Volendam dance hall fire;Netherlands;No;North;Evacuation crush;14;14;Fire in a disco, crush part unknown;;;Listed;Listed;6 sources;6;;;3;;;;;;;;
2001;200;Festival in Australia;Australia;Yes;North;Exterior crowd crush;1;1;Mosh pit during a music festival;;;;;;;Listed;;1;;;;;;;;
2001;200;Park Station crowd crush;South Africa;Partially;South;Exterior crowd crush;7;7;Passengers rushing down stairs to catch a train;;;;;;;Listed;;1;;;;;;;;
2001;200;2011 Hajj stampede;Saudi Arabia;No;South;Exterior crowd crush;35;35;Unclear;2 references;2;Listed;Listed;No source;;Listed;2001 Hajj stampede;6;;;;;;;;
2001;200;A1 appeareance;Indonesia;No;South;Interior crowd crush;4;4;Fans pushing to get autographs;;;;Listed;6 sources;6;Listed;;3;;;;;;;;
2001;200;Pakpattan;Pakistan;No;South;Exterior crowd crush;44;44;Delay in gate opening at a religious event;;;Listed;Listed;5 sources;5;Listed;;4;;;;;;;;
2001;200;Kurunegala attack;Sri Lanka;No;South;Unknown;11;11;Bombing, crush part unknown;;;;;4 sources;4;;;1;;;;;;;;
2001;200;Ellis Park stadium;South Africa;Partially;South;Unknown;43;43;People trying to enter the already overcrowded stadium;2 references;2;Listed;Listed;No source;;Listed;;5;;;;;;;;
2001;200;Dhaka terror attack;Bangladesh;No;South;Unknown;10;10;Attack, no crush cited;;;;;1 source;1;;;1;;;;;;;;
2001;200;Lubumbashi stadium;Congo;No;South;Exterior crowd crush;14;14;Crush after police repression;;;Listed;Listed;1 source;1;Listed;;4;;;;;;;;
2001;200;Sari stadium;Iran;No;South;Structure collapse;15;15;Roof collapse in a stadium;;;Listed;Listed;4 sources;4;Listed;;4;;;;;;;;
2001;200;Ivory Coast 2001;Ivory Coast;No;South;Unknown;1;1;Fight at a match;;;Listed;Listed;;;;;2;;;;;;;;
2001;200;Accra Sports Stadium disaster;Ghana;No;South;Exterior crowd crush;127;127;Crush after police repression;18 references;18;Listed;Listed;10 sources;10;Listed;Accra Sports Stadium disaster;6;;;;;;;;Point(-0.191667 5.55167)
2001;200;Beachfront nightclub attack;Israel;No;North;Not a crush;21;21;Attack, no crush cited;;;;;6 sources;;;;;;;;;;;;
2001;200;Strasbourg yiddish festival;France;No;North;Not a crush;11;11;Tree fell during a storm;;;;;2 sources;;;;;;;;;;;;
2001;200;Akashi pedestrian bridge accident;Japan;No;North;Exterior crowd crush;4;4;Overcrowding on an overpass;5 references;5;Listed;Listed;4 sources;4;Listed;Akashi pedestrian bridge accident;6;;;;;;;;Point(135.0175 34.64388889)
2001;200;Eminem concert;United Kingdom;Yes;North;Exterior crowd crush;0;0;45 injured after a concert crowd surge;;;Listed;Listed;;;;;2;;;;;;;;
2001;200;The Manor hotel fire;Philippines;No;South;Not a crush;75;75;Fire, no crush explicitly cited;;;;;8 sources;;;;;;;;;;;;
2001;200;Mah-Jongg Club fire;Japan;No;North;Unknown;44;44;Fire, no crush explicitly cited;;;Listed;Listed;5 sources;5;;;3;;;;;;;;
2001;200;Plaza Monumental de Valencia;Venezuela;No;South;Exterior crowd crush;14;14;People trying to enter the already overcrowded concert;;;;;2 sources;2;;;1;;;;;;;;
2001;200;Canecão Mineiro nightclub fire;Brazil;No;South;Unknown;7;7;Fire, no crush explicitly cited;;;;;1 source;1;;;1;;;;;;;;
2001;200;Aracaju give-away;Brazil;No;South;Exterior crowd crush;4;4;Surge when a door opened at a free gift distribution;;;Listed;Listed;1 source;1;Listed;;4;;;;;;;;
2001;200;Sofia Indigo disco crush;Bulgaria;No;North;Exterior crowd crush;7;7;Victims fell on stairs when the crowd was entering;1 reference;1;Listed;Listed;4 sources;4;Listed;;5;;;;;;;;
2002;200;Fukubukuro distribution;Japan;No;North;Interior crowd crush;0;0;Crush at a commercial distribution;;;Listed;Listed;;;;;2;;;;;;;;
2002;200;Volcano eruption in Congo;Congo;No;South;Not a crush;?;0;River of molten rock from a volcano;;;Listed;;;;;;;;;;;;;;
2002;200;Rail disaster in Egypt;Egypt;No;South;Not a crush;>350;350;Rail disaster in Egypt;;;Listed;Listed;;;;;;;;;;;;;
2002;200;Tropical storm in Japan;Japan;No;North;Not a crush;?;0;Evacuation after announcement of a tropical storm;;;Listed;;;;;;;;;;;;;;
2002;200;Philippines concert grenade attack;Philippines;No;South;Unknown;7;7;Attack, no crush cited;;;;;1 source;1;;;1;;;;;;;;
2002;200;Utopia Nightclub fire;Peru;No;South;Evacuation crush;25;25;Fire, crush part unknown;;;;;6 sources;6;;;1;;;;;;;;
2002;200;Linz disco explosion;Austria;No;North;Not a crush;0;0;Explosion, no crush cited;;;;;3 sources;;;;;;;;;;;;
2002;200;Sknyliv air disaster;Ukraine;No;North;Not a crush;77;77;Plane crash on the crowd, no crush cited;;;Listed;Listed;8 sources;;;;;;;;;;;;
2002;200;Charbagh station;India;Partially;South;Exterior crowd crush;13;13;Crush on the footbridge and stairs of the station;;;;;1 source;1;Listed;;2;;;;;;;;
2002;200;Bali Sari Club;Indonesia;No;South;Unknown;202;202;Bombings, no crush explicitly cited;;;;;8 sources;8;;;1;;;;;;;;
2002;200;The Blue Disco fire;Vietnam;No;South;Unknown;60;60;Fire, no crush explicitly cited;;;Listed;Listed;5 sources;5;;;3;;;;;;;;
2002;200;Guardrail failure in China;China;No;South;Structure collapse;21;21;Guardrail failure during an evacuation after a blackout;;;Listed;Listed;;;Listed;;3;;;;;;;;
2002;200;La Guajira nightclub fire;Venezuela;No;South;Evacuation crush;47;47;Fire, crush part unknown;;;Listed;Listed;3 sources;3;;;3;;;;;;;;
2003;200;School in China 2003 #1;China;No;South;Interior crowd crush;5;5;Clash between students flows at a school;;;;;;;Listed;;1;;;;;;;;
2003;200;E2 nightclub;USA;Yes;North;Evacuation crush;21;21;Panic after use of pepper spray in a nightclub;10 references;10;Listed;Listed;10 sources;10;Listed;;5;;;;;;;;
2003;200;Fire at Joongang station;South Korea;No;North;Unknown;>120;120;Fire on a train, no crush cited;;;Listed;;;;;;1;;;;;;;;
2003;200;Station nightclub fire;USA;Yes;North;Evacuation crush;100;100;Fire, crush part unknown;104 references;104;Listed;Listed;8 sources;8;;;4;;;;;;;;
2003;200;Hajj accident 2003;Saudi Arabia;No;South;Exterior crowd crush;14;14;Pilgrims falling in dense crowd;1 reference;1;Listed;Listed;;;Listed;;4;;;;;;;;
2003;200;Kofi Olomide concert;Benin;No;South;Exterior crowd crush;>15;15;Spectators rushing to the scene;;;Listed;;2 sources;2;Listed;;3;;;;;;;;
2003;200;RBD autograph session;Brazil;No;South;Interior crowd crush;3;3;Collapse of a security fence before the performance;;;;;1 source;1;;;1;;;;;;;;
2003;200;Red Hot Chili Peppers concert;USA;Yes;North;Not a crush;1;1;Electrocution during a concert;;;;;2 sources;;;;;;;;;;;;
2003;200;Balcony collapse in Chicago;USA;Yes;North;Structure collapse;12;12;Balcony collapse during a party;;;;;6 sources;6;;;1;;;;;;;;
2003;200;Krykya festival attack;Russia;No;North;Not a crush;15;15;Attack, no crush cited;;;;;2 sources;;;;;;;;;;;;
2003;200;Kumbh Mela 2003;India;Partially;South;Exterior crowd crush;41;41;Narrow lane in a religious festival;;;Listed;Listed;5 sources;5;Listed;;4;;;;;;;;
2003;200;School in China 2003 #2;China;No;South;Interior crowd crush;5;5;Accident in a school in darkness;;;;;;;Listed;;1;;;;;;;;
2004;200;Sri Ranganathaswamy Temple fire;India;Partially;South;Evacuation crush;45;45;Fire, crush part unknown;;;Listed;;6 sources;6;;;2;;;;;;;;
2004;200;Greenville Comfort Inn fire;USA;Yes;North;Not a crush;?;0;Fire, no crush cited;;;Listed;;;;;;;;;;;;;;
2004;200;2004 Hajj stampede;Saudi Arabia;No;South;Exterior crowd crush;251;251;Crush at the ritual of the stones;;;Listed;Listed;8 sources;8;Listed;2004 Hajj stampede;5;;;;;;;;
2004;200;New Year Lantern festival;China;No;South;Exterior crowd crush;37;37;Bidirectional massive flow on a bridge during the festival;;;Listed;Listed;4 sources;4;Listed;2004 Miyun stampede;5;#REF!;;;;;;;
2004;200;Moscow metro attack;Russia;No;North;Not a crush;40;40;Attack in the moscow metro;;;;;;;;;;;;;;;;;
2004;200;Moscow market roof collapse;Russia;No;North;Not a crush;56;56;Roof collapse;;;;;8 sources;;;;;;;;;;;;
2004;200;2004 Sheila concert;Indonesia;No;South;Exterior crowd crush;4;4;Crush during a concert;;;;;2 sources;2;;;1;;;;;;;;
2004;200;Karbala attacks;Iraq;No;South;Not a crush;;0;Terror attack;;;Listed;;;;;;;;;;;;;;
2004;200;Atocha station attacks;Spain;No;North;Not a crush;;0;Terror attack;;;Listed;;;;;;;;;;;;;;
2004;200;Syria 2004;Syria;No;South;Exterior crowd crush;5;5;Spectators escaping from a riot;;;;;;;Listed;;1;;;;;;;;
2004;200;Electric transformer evacuation;Bangladesh;No;South;Evacuation crush;6;6;Rush during an evacuation after a transformer explosion;;;;;;;Listed;;1;;;;;;;;
2004;200;Saree stampede;India;Partially;South;Exterior crowd crush;21;21;Free saree distribution;;;;Listed;;;;;1;;;;;;;;
2004;200;Dynamo stadium terror attack;Russia;No;North;Not a crush;7;7;Terror attack;;;;;3 sources;;;;;;;;;;;;
2004;200;Ycua Bolanos supermarket fire;Paraguay;No;South;Unknown;283;283;Fire, no crush cited;;;Listed;;;;;;1;;;;;;;;
2004;200;La Barra Cervecera;Colombia;No;South;Not a crush;5;5;Terror attack;;;;;1 source;;;;;;;;;;;;
2004;200;Ladies First collapse;Brazil;No;South;Structure collapse;6;6;Overcrowding balcony collapsing;;;;;2 sources;2;;;1;;;;;;;;
2004;200;Jeddah Ikea;Saudi Arabia;No;South;Exterior crowd crush;3;3; Voucher distribution;;;Listed;Listed;6 sources;6;Listed;;4;;;;;;;;
2004;200;Amsterdam rave fire;Netherlands;No;North;Not a crush;1;1;Fire, no crush cited;;;;;2 sources;;;;;;;;;;;;
2004;200;Stadium in Togo;Togo;No;South;Evacuation crush;4;4;Evacuation after a power outage;;;;;;;Listed;;1;;;;;;;;
2004;200;New Delhi main station 2004;India;Partially;South;Exterior crowd crush;5;5;Rush in stairs to catch a train;;;;;;;Listed;;1;;;;;;;;
2004;200;Lomé demonstration;Togo;No;South;Exterior crowd crush;13;13;Overcrowded demonstration;;;Listed;;;;Listed;;2;;;;;;;;
2004;200;República Cromañón fire;Argentina;No;South;Unknown;194;194;Fire, crush part unknown;;;Listed;;8 sources;8;;;2;;;;;;;;
2005;200;Mandher Devi temple;India;Partially;South;Exterior crowd crush;340;340;Potentially several crushes at a religious event;3 references;3;Listed;Listed;8 sources;8;Listed;Mandher Devi temple stampede;6;#REF!;;;;;;;
2005;200;London Ikea;United Kingdom;Yes;North;Exterior crowd crush;0;0;Crush at the opening of a new Ikea;;;Listed;;;;;;1;;;;;;;;
2005;200;Tel Aviv Stage club explosion;Israel;No;North;Not a crush;;0;Terror attack;;;;;6 sources;;;;;;;;;;;;
2005;200;Fespaco film festival;Burkina Faso;No;South;Exterior crowd crush;2;2;Crowd entering the festival stadium;;;Listed;;3 sources;3;Listed;;3;;;;;;;;
2005;200;Madagascar stadium 2005;Madagascar;No;South;Exterior crowd crush;2;2;Crowd trying to enter the stadium;;;;;4 sources;4;;;1;;;;;;;;
2005;200;Tehran mosque;Iran;No;South;Evacuation crush;35;35;Fire, crush part unknown;;;;Listed;;;;;1;;;;;;;;
2005;200;Hilla bombing;Iraq;No;South;Not a crush;;0;Terror attack;;;Listed;;;;;;;;;;;;;;
2005;200;British school bombing in Qatar;Qatar;No;South;Not a crush;;0;Terror attack;;;Listed;;;;;;;;;;;;;;
2005;200;Gandhawa attack;Pakistan;No;South;Not a crush;;0;Terror attack;;;Listed;Listed;;;;;;;;;;;;;
2005;200;BP refinery explosion;USA;Yes;North;Not a crush;;0;Explosion, no crush cited;;;Listed;;;;;;;;;;;;;;
2005;200;Ghana port fire;Ghana;No;South;Not a crush;;0;Fire, no crush cited;;;Listed;;;;;;;;;;;;;;
2005;200;Azadi stadium;Iran;No;South;Exterior crowd crush;5;5;Unexplicated evacuation rush at the end of a soccer match;1 reference;1;Listed;Listed;2 sources;2;Listed;;5;;;;;;;;
2005;200;Kasiani pilgrimage;Bangladesh;No;South;Exterior crowd crush;7;7;Crush at a religious event;;;Listed;Listed;3 sources;3;Listed;;4;;;;;;;;
2005;200;Al-Aimmah Bridge disaster;Iraq;No;South;Exterior crowd crush;953;953;Rumor of a bomb attack led to panic and crush;5 references;5;Listed;;9 sources;9;Listed;2005 Baghdad bridge stampede;5;;;;;;;;Point(44.3552 33.3749)
2005;200;Shop rush USA 2005;USA;Yes;North;Exterior crowd crush;0;0;Crush at a shop;;;;;;;Listed;;1;;;;;;;;
2005;200;Beni Suef theater fire;Egypt;No;South;Evacuation crush;~50;50;Fire, crush part unknown;;;Listed;Listed;5 sources;5;;;3;;;;;;;;
2005;200;Holiday concert in Sangju;South Korea;No;North;Exterior crowd crush;11;11;Crowd rushing for the concert after a gate opened;;;;;3 sources;3;;;1;;;;;;;;
2005;200;Saudi Arabian Airlines;Sri Lanka;No;South;Evacuation crush;1;1;Evacuation of a plane, may not be a crush;;;Listed;;;;Listed;;2;;;;;;;;
2005;200;Bangladesh accidents 2005;Bangladesh;No;South;Exterior crowd crush;7;7;Several unclear accidents at a gift distribution;;;;;;;Listed;;1;;;;;;;;
2005;200;School in China 2005 #1;China;No;South;Interior crowd crush;0;0;Flows colliding in stairs;;;;;;;Listed;;1;;;;;;;;
2005;200;School in China 2005 #2;China;No;South;Interior crowd crush;7;7;Unclear stairway stampede;;;Listed;Listed;;;Listed;;3;;;;;;;;
2005;200;Zakat distribution;Saudi Arabia;No;South;Exterior crowd crush;7;7;Crush at a charity distribution;;;Listed;Listed;;;Listed;;3;;;;;;;;
2005;200;Chennai food distribution #1;India;Partially;South;Exterior crowd crush;6;6;Crush at a charity distribution;;;;;;;Listed;2005 November Chennai Stampede;2;;;;;;;;Point(80.26 13.1097)
2005;200;Chennai food distribution #2;India;Partially;South;Exterior crowd crush;42;42;Crush at a food distribution;16 references;16;Listed;Listed;;;Listed;2005 December Chennai Stampede;5;#REF!;;;;;;;Point(80.1969 12.0344)
2005;200;Club Lipa;Slovenia;No;North;Exterior crowd crush;2;2;People trying to enter the nighclub before 10pm;;;Listed;;;;;;1;;;;;;;;
2005;200;Tandao bar fire;China;No;South;Unknown;26;26;Fire, no crush cited;;;Listed;;;;;;1;;;;;;;;
2006;200;Mecca hotel collapse;Saudi Arabia;No;South;Not a crush;;0;Buiding collapse, no crowd involved directly;;;Listed;Listed;;;;;;;;;;;;;
2006;200;Bad Reinchenhall Ice Rink;Germany;No;North;Not a crush;;0;Structure collapse, no crowd involded;;;;;6 sources;;;;;;;;;;;;
2006;200;2006 Hajj stampede;Saudi Arabia;No;South;Exterior crowd crush;363;363;Too much people on the Jamarat bridge;;;Listed;Listed;9 sources;9;Listed;2006 Hajj stampede;5;;;;;;;;Point(39.893333333 21.413333333)
2006;200;Katowice Trade Hall;Poland;No;North;Not a crush;;0;Structure collapse, no crowd involded;;;;;4 sources;;;;;;;;;;;;
2006;200;Wowowee stampede;Philippines;No;South;Exterior crowd crush;73;73;People trying to enter the stadium;;;Listed;Listed;3 sources;3;Listed;;4;;;;;;;;
2006;200;RBD concert;Brazil;No;South;Exterior crowd crush;3;3;Overcrowded concert;;;;Listed;;;Listed;;2;;;;;;;;
2006;200;Stampede in Pakistan 2006;Pakistan;No;South;Exterior crowd crush;30;30;Unclear stampede at a religious event;;;;;;;Listed;;1;;;;;;;;
2006;200;Budapest firework;Hungary;No;North;Unknown;0;0;Possible crowd cruss during the event;;;;;;;Listed;;1;;;;;;;;
2006;200;Korn concert;USA;Yes;North;Not a crush;1;1;Dispute at a concert;;;;;No source;;;;;;;;;;;;
2006;200;Lianfair Cereinion;United Kingdom;Yes;North;Unknown;0;0;Town chaos at a fake money distribution;;;;Listed;;;;;1;;;;;;;;
2006;200;President Salih rally #1;Yemen;No;South;Exterior crowd crush;51;51;Unclear, apparent rush to leave the stadium;;;Listed;Listed;4 sources;4;Listed;;4;;;;;;;;
2006;200;President Salih rally #2;Yemen;No;South;Exterior crowd crush;6;6;Unclear crowd crush;;;;Listed;;;;;1;;;;;;;;
2006;200;Kartik Punima 2006;India;Partially;South;Exterior crowd crush;6;6;Stampede in or outside the temple;;;;Listed;;;Listed;;2;;;;;;;;
2006;200;School in China 2006;China;No;South;Interior crowd crush;6;6;Stairway stampede;;;Listed;Listed;;;Listed;;3;;;;;;;;
2006;200;Dera Ghazi Khan marriage fire;Pakistan;No;South;Evacuation crush;20;20;Fire, crush part unknown;;;Listed;;;;Listed;;2;;;;;;;;
2006;200;Ungu concert;Indonesia;No;South;Exterior crowd crush;10;10;Narrow exit at the end of the concert;;;Listed;;1 source;1;;;2;;;;;;;;
2006;200;ETA terror attack;Spain;No;North;Not a crush;;0;Terror attack;;;Listed;;;;;;;;;;;;;;
2007;200;New Year celebrations;Philippines;No;South;Not a crush;;0;New Year celebrations;;;Listed;;;;;;;;;;;;;;
2007;200;Blasts in Bangkok;Thailand;No;South;Not a crush;;0;Explosions;;;Listed;;;;;;;;;;;;;;
2007;200;Festival in Tunisia;Tunisia;No;South;Exterior crowd crush;6;6;Major surge during a concert;;;;;;;Listed;;1;;;;;;;;
2007;200;Riot at Constitucion station;Argentina;No;South;Not a crush;;0;Riot after a train service disruption;;;Listed;;;;;;;;;;;;;;
2007;200;Chililabombwe stadium;Zambia;Yes;South;Exterior crowd crush;12;12;Rush after the match to catch free buses;1 reference;1;;Listed;;;Listed;;3;;;;;;;;
2007;200;Isle of Man TT;United Kingdom;Yes;North;Not a crush;;0;Car accident;;;;;5 sources;;;;;;;;;;;;
2007;200;Community hall in Zambia;Zambia;Yes;South;Structure collapse;4;4;Brick wall collapse due to a surge;;;;;;;Listed;;1;;;;;;;;
2007;200;Heineken Jammin';Italy;No;North;Not a crush;;0;Storm at a festival;;;;;4 sources;;;;;;;;;;;;
2007;200;Mughalsarai train station;India;Partially;South;Interior crowd crush;14;14;Sudden platform change announcement;1 reference;1;;Listed;;;Listed;;3;;;;;;;;
2007;200;Sunchon stadium;North Korea;No;South;Exterior crowd crush;6;6;Crowd crush at the end of a public execution;1 reference;1;;Listed;;;Listed;;3;;;;;;;;
2007;200;Makahali temple;India;Partially;South;Exterior crowd crush;11;11;Crush at a religious event;1 reference;1;;Listed;;;Listed;;3;;;;;;;;
2007;200;Chongking Carrefour;China;No;South;Interior crowd crush;3;3;Large discounts on cooking oil;1 reference;1;;Listed;;;Listed;;3;;;;;;;;
2008;200;January 2008 Indian stampede;India;Partially;South;Exterior crowd crush;6;6;Stampede at a temple in India;;;;;;;Listed;;1;;;;;;;;
2008;200;Beside concert in Bandung;Indonesia;No;South;Interior crowd crush;10;10;Crowd exiting a concert;7 references;7;Listed;Listed;2 sources;2;Listed;2008 Bandung stampede;6;;;;;;;;
2008;200;Divine nightclub;Mexico;No;South;Evacuation crush;12;12;Evacuation after a police raid;1 reference;1;;Listed;1 source;1;Listed;;4;;;;;;;;
2008;200;Ashok Nagar temple;India;Partially;South;Exterior crowd crush;9;9;Railing collapsed, leading to a crush;1 reference;1;;Listed;;;Listed;;3;;;;;;;;
2008;200;Al-Mureikh stadium;Sudan;Yes;South;Exterior crowd crush;23;23;Overcrowding at a graduation ceremony;;;;;1 source;1;;;1;;;;;;;;
2008;200;Naina Devi temple stampede;India;Partially;South;Exterior crowd crush;146;146;Rumor of a landslide at a huge religious event;15 references;15;Listed;Listed;4 sources;4;Listed;2008 Naina Devi temple stampede;6;;;;;;;;Point(76.488 31.359)
2008;200;Matokeo stadium;Congo;No;South;Exterior crowd crush;13;13;Evacuation after a riot started at a football game;1 reference;1;;Listed;3 sources;3;Listed;;4;;;;;;;;
2008;200;Pasuruan gift distribution;Indonesia;No;South;Evacuation crush;23;23;Surge at a zakat distribution;;;Listed;;3 sources;3;;Q12486627;3;;;;;;;;
2008;200;Wuwang club fire;China;No;South;Evacuation crush;43;43;Fire, crush part unknown;;;;;2 sources;2;;;1;;;;;;;;
2008;200;Chamunda Devi temple;India;Partially;South;Exterior crowd crush;224;224;Stampede at the temple after a barrier broke;18 references;18;Listed;Listed;8 sources;8;Listed;;5;;;;;;;;
2008;200;Tabora dance hall;Tanzania;No;South;Interior crowd crush;19;19;Stampede in a children's dance hall;1 reference;1;;Listed;;;Listed;;3;;;;;;;;
2008;200;Black Friday at Wal-Mart;USA;Yes;North;Interior crowd crush;1;1;Employee crushed at the opening of a Wal-Mart;1 reference;1;Listed;Listed;;;Listed;;4;;;;;;;;
2008;200;School in China 2008;China;No;South;Interior crowd crush;0;0;Students flows clashing on the stairs;;;;;;;Listed;;1;;;;;;;;
2009;200;Santika nightclub fire;Thailand;No;South;Evacuation crush;59;59;Fire, crush part unknown;;;Listed;;6 sources;6;;;2;;;;;;;;
2009;200;Houphouët-Boigny stadium 2009;Ivory Coast;No;South;Exterior crowd crush;22;22;Stampede in a slightly ovecrowded stadium;7 references;7;Listed;Listed;No source;;Listed;;5;;;;;;;;
2009;200;Mawazine festival;Morocco;No;South;Exterior crowd crush;11;11;Failed evacuation of the stadium at the end of the concert;;;Listed;;No source;;Listed;2009 Rabat stampede;4;#REF!;;;;;;;
2009;200;Kuwait wedding fire;Kuwait;No;South;Evacuation crush;41;41;Fire, crush part unknown;;;Listed;;;;;;1;;;;;;;;
2009;200;Trencin tent collapse;Slovakia;No;North;Not a crush;;0;Tent collapse at a festival;;;;;6 sources;;;;;;;;;;;;
2009;200;Short circuit rumor in India;India;Partially;South;Interior crowd crush;5;5;Stairway stampede;1 reference;1;;;;;Listed;;2;;;;;;;;
2009;200;JLS concert;United Kingdom;Yes;North;Structure collapse;0;0;Barrier collapse at an overcrowded concert;;;Listed;;;;Listed;;2;;;;;;;;
2009;200;School in China 2009 #1;China;No;South;Interior crowd crush;0;0;Stairway stampede;;;;;;;Listed;;1;;;;;;;;
2009;200;Yucai Middle School crush;China;No;South;Interior crowd crush;8;8;Stairway stampede after a short circuit rumor;1 reference;1;;Listed;;;Listed;;3;;;;;;;;
2009;200;Lame Horse nightclub;Russia;No;North;Evacuation crush;102;102;Fire, crush part unknown;;;;;No source;;;;1;;;;;;;;
2009;200;Dhoraji temple stampede;India;Partially;South;Exterior crowd crush;9;9;Stampede at a temple in India;;;;Listed;;;Listed;;2;;;;;;;;
2010;201;Kumbh Mela 2010 Haridwar;India;Partially;South;Exterior crowd crush;6;6;Crush in Haridwar when pilgrims tried to board boats;;;Listed;Listed;;;Listed;;3;;;;;;;;
2010;201;Kumbh Mela 2010 District 24;India;Partially;South;Exterior crowd crush;7;7;Crush during celebrations at the Ganges;;;;Listed;;;;;1;;;;;;;;
2010;201;Alexisonfire concert;Canada;Yes;North;Structure collapse;0;0;Barrier collapse at a concert, no crush followed;;;Listed;Listed;;;;;2;;;;;;;;
2010;201;Kor Royal Cup stampede;Thailand;No;South;Unknown;0;0;Riot at a football match;;;;;;;;Kor Royal Cup stampede;1;#REF!;;;;;;;Point(100.525681 13.745521)
2010;201;Timbuktu mosque;Mali;No;South;Exterior crowd crush;24;24;Diversion via a narrow road;;;Listed;Listed;4 sources;4;Listed;;4;;;;;;;;
2010;201;Pratapgarh temple;India;Partially;South;Structure collapse;65;65;Temporary structure collapsed at a food distribution;17 references;17;Listed;Listed;4 sources;4;Listed;;5;;;;;;;;
2010;201;Police recruitment center;India;Partially;South;Exterior crowd crush;1;1;Crush at the gates opening of the recruitment center;;;;;;;Listed;;1;;;;;;;;
2010;201;Cape Town World Cup tickets;South Africa;Partially;South;Exterior crowd crush;1;1;Crush to obtain World Cup tickets;;;Listed;;;;Listed;;2;;;;;;;;
2010;201;Religious event in India 2010;India;Partially;South;Unknown;5;5;Unclear surge at a religious ceremony;;;;;;;Listed;;1;;;;;;;;
2010;201;Memorial service in Netherlands;Netherlands;No;North;Unknown;0;0;Confusion at a memorial service after a scream;;;;;;;Listed;;1;;;;;;;;
2010;201;New Delhi main station 2010;India;Partially;South;Interior crowd crush;2;2;Last minute platform change during summer rush;;;;;;;Listed;;1;;;;;;;;
2010;201;World cup stampede;South Africa;Partially;South;Exterior crowd crush;0;0;People trying to enter a sold-out match;;;;;;;Listed;;1;;;;;;;;
2010;201;Electric Daisy Carnival;USA;Yes;North;Exterior crowd crush;0;0;People rushing gates to enter the festival;;;Listed;;;;;;1;;;;;;;;
2010;201;Love Parade disaster;Germany;No;North;Exterior crowd crush;21;21;Too high density in a tunnel leading to a festival;44 references;44;Listed;Listed;15 sources;15;Listed;Love Parade disaster;6;;;;;;;;Point(6.772439 51.420333)
2010;201;Bihar temple;India;Partially;South;Exterior crowd crush;10;10;Sacrificed goat falling on people and creating panic;;;Listed;;;;Listed;;2;;;;;;;;
2010;201;California;USA;Yes;North;Not a crush;;0;Car accident;;;;;6 sources;;;;;;;;;;;;
2010;201;Nyano stadium;Kenya;Yes;South;Exterior crowd crush;7;7;Spectators without tickets forcing their way;;;Listed;;4 sources;4;Listed;;3;;;;;;;;
2010;201;Phnom Penh stampede;Cambodia;No;South;Exterior crowd crush;347;347;Spectators pushing on the two sides of the bridge;15 references;15;Listed;Listed;9 sources;9;Listed;Phnom Penh stampede;6;;;;;;;;Point(104.939497 11.556011)
2010;201;School in China 2011;China;No;South;Interior crowd crush;0;0;Students squeezing through a narrow staircase;;;;;;;Listed;;1;;;;;;;;
2011;201;2011 Sabarimala stampede;India;Partially;South;Exterior crowd crush;102;102;Potentially a vehicle on the path used by the crowd;;;Listed;Listed;7 sources;7;Listed;2011 Sabarimala stampede;5;;;;;;;;Point(77.0805 9.4375)
2011;201;West Balkans nightclub;Hungary;No;North;Interior crowd crush;3;3;Unclear situation causing a crush in the overcrowded club;3 references;3;Listed;Listed;4 sources;4;Listed;Q1323447;6;;;;;;;;Point(19.055872222 47.509577777)
2011;201;2011 Nigerian political rally #1;Nigeria;Yes;South;Exterior crowd crush;11;11;Use of guns by the police during the evacuation;2 references;2;Listed;Listed;;;Listed;;4;;;;;;;;
2011;201;Bamako stadium;Mali;No;South;Exterior crowd crush;36;36;Crowd surge after a religious ceremony;;;Listed;Listed;4 sources;4;Listed;;4;;;;;;;;
2011;201;2011 Nigerian political rally #2;Nigeria;Yes;South;Exterior crowd crush;25;25;Surge to gain gifts after a political rally;;;;;;;Listed;;1;;;;;;;;
2011;201;Fespam music festival;Congo-Brazzaville;No;South;Exterior crowd crush;7;7;Unclear stampede;;;Listed;;;;Listed;;2;;;;;;;;
2011;201;Reno Air Races crash;USA;Yes;North;Not a crush;;0;Plane accident;;;;;5 sources;;;;;;;;;;;;
2011;201;Lava nightclub crowd crush;United Kingdom;Yes;North;Interior crowd crush;2;2;Crush when the last buses were announced;1 reference;1;;Listed;7 sources;7;Listed;;4;;;;;;;;
2011;201;Haridwar stampede 2011;India;Partially;South;Exterior crowd crush;16;16;Crush during celebrations at the Ganges;1 reference;1;;Listed;;;;;2;;;;;;;;
2011;201;Jakarta stadium;Indonesia;No;South;Exterior crowd crush;2;2;Spectators trying to enter the stadium;1 reference;1;Listed;Listed;4 sources;4;Listed;;5;;;;;;;;
2012;201;Concert in Pakistan in 2012;Pakistan;No;South;Evacuation crush;3;3;Rush to evacuate after violent crowd control;;;;;;;Listed;;1;;;;;;;;
2012;201;Chelhum celebration;India;Partially;South;Exterior crowd crush;10;10;Unclear accident at a religious celebration;;;;Listed;;;Listed;;2;;;;;;;;
2012;201;University of Johannesburg;South Africa;Partially;South;Exterior crowd crush;1;1;Crowd trying to get last places to register for university;1 reference;1;Listed;Listed;;;Listed;;4;;;;;;;;
2012;201;Bhavnath temple crush;India;Partially;South;Exterior crowd crush;7;7;Stampede, apparently after brake failure on a vehicle;;;;Listed;;;Listed;;2;;;;;;;;
2012;201;Port Said stadium;Egypt;No;South;Evacuation crush;76;76;Riot, crush part unclear;42 references;42;Listed;Listed;5 sources;5;Listed;;5;;;;;;;;
2012;201;Pöchlarn medieval festival;Austria;No;North;Not a crush;2;2;Accident at a festival;;;;;6 sources;;;;;;;;;;;;
2012;201;Pope Shenouda III mourning;Egypt;No;South;Interior crowd crush;3;3;Overcrowding at the mourning;2 references;2;Listed;Listed;;;Listed;;4;;;;;;;;
2012;201;Accident 23 Sep in India;India;Partially;South;Unknown;3;3;Unclear accident at a religious celebration;;;;;;;Listed;;1;;;;;;;;
2012;201;Satsang Deoghar crowd crush;India;Partially;South;Exterior crowd crush;12;12;Stampede after a fall in a religious celebration;;;;Listed;3 sources;3;Listed;Satsanga Deoghar disaster;4;#REF!;;;;;;;
2012;201;Accident 24 Sep in India;India;Partially;South;Interior crowd crush;1;1;Fell in an overcrowded temple leading to a crush;;;;;;;Listed;;1;;;;;;;;
2012;201;Chhath Puja in Patna;India;Partially;South;Exterior crowd crush;18;18;Stampede at a religious festival;2 references;2;;Listed;;;Listed;;3;;;;;;;;
2012;201;Madrid Arena Halloween;Spain;No;North;Interior crowd crush;5;5;Crowd avalanche at an overcrowded party;1 reference;1;Listed;Listed;13 sources;13;Listed;;5;;;;;;;;
2013;201;Houphouët-Boigny stadium 2013;Ivory Coast;No;South;Exterior crowd crush;61;61;Stampede when leaving the stadium after celebrations;8 references;8;Listed;Listed;5 sources;5;Listed;2013 HouphouÃ«t-Boigny stampede;6;;;;;;;;Point(-4.01842 5.32825)
2013;201;Estadio da Cidadela;Angola;No;South;Exterior crowd crush;10;10;People trying to enter an overcrowded stadium;1 reference;1;;;;;Listed;;2;;;;;;;;
2013;201;Kiss nightclub fire;Brazil;No;South;Evacuation crush;245;245;Fire, crush part unknown;38 references;38;Listed;;7 sources;7;;;3;;;;;;;;
2013;201;Kumbh Mela 2013 in Allahabad station;India;Partially;South;Exterior crowd crush;42;42;Structure collapse or crowd crush at the station;11 references;11;Listed;Listed;5 sources;5;Listed;2013 Kumbh Mela stampede;6;;;;;;;;
2013;201;Lagos Synagogue;Nigeria;Yes;South;Exterior crowd crush;4;4;People trying to enter the overcrowding church;1 reference;1;;Listed;;;Listed;;3;;;;;;;;
2013;201;School in China 2013;China;No;South;Interior crowd crush;4;4;Students pushing at a closed gate;;;Listed;Listed;;;Listed;;3;;;;;;;;
2013;201;Beckham in Shanghai;China;No;South;Exterior crowd crush;0;0;Stampede at a planned appearance of David Beckham;;;Listed;;;;;;1;;;;;;;;
2013;201;Kota Lama stadium;Indonesia;No;South;Evacuation crush;17;17;Evacuation crush after a riot started;1 reference;1;;Listed;;;Listed;;3;;;;;;;;
2013;201;2013 Madhya Pradesh stampede;India;Partially;South;Exterior crowd crush;115;115;Crush on a bridge after a rumor of collapse;7 references;7;Listed;Listed;6 sources;6;Listed;2013 Madhya Pradesh stampede;6;;;;;;;;Point(78.64194444 26.09277778)
2013;201;Political rally in Nigeria 2013;Nigeria;Yes;South;Unknown;20;20;Unclear accident at a gift donation;;;;;;;Listed;;1;;;;;;;;
2013;201;Uke (Anambra) church stampede;Nigeria;Yes;South;Evacuation crush;25;25;Unclear, apparent false fire alarm;3 references;3;Listed;Listed;;;Listed;;4;;;;;;;;
2014;201;Xiji mosque;China;No;South;Exterior crowd crush;14;14;Unclear crush during the food distribution at the mosque;1 reference;1;Listed;Listed;5 sources;5;Listed;;5;;;;;;;;
2014;201;Dance spectacle in India 2014;India;Partially;South;Interior crowd crush;3;3;Accident while people were watching dance in a theater;;;;;;;Listed;;1;;;;;;;;
2014;201;Burhanuddin mourning;India;Partially;South;Exterior crowd crush;18;18;Crowd crush when the gates were closed;9 references;9;Listed;Listed;6 sources;6;Listed;;5;;;;;;;;
2014;201;Nigeria 15 March 2014 Abuja;Nigeria;Yes;South;Exterior crowd crush;10;10;Crush at an overcrowded stadium used for a test;2 references;2;Listed;Listed;;;Listed;;4;;;;;;;;
2014;201;Nigeria 15 March 2014 Benin;Nigeria;Yes;South;Exterior crowd crush;4;4;Crush at an overcrowded stadium used for a test;2 references;2;Listed;Listed;;;Listed;;4;;;;;;;;
2014;201;Nigeria 15 March 2014 Minna;Nigeria;Yes;South;Exterior crowd crush;3;3;Crush at an overcrowded school used for a test;2 references;2;Listed;Listed;;;Listed;;4;;;;;;;;
2014;201;Nigeria 15 March 2014 PH;Nigeria;Yes;South;Exterior crowd crush;5;5;Crush at an overcrowded stadium used for a test;3 references;3;Listed;Listed;;;Listed;;4;;;;;;;;
2014;201;Emeneya tribute festival;Congo;No;South;Exterior crowd crush;14;14;Unclear rush of the audience;1 reference;1;Listed;Listed;5 sources;5;Listed;;5;;;;;;;;
2014;201;Stade Tata Raphaël;Congo;No;South;Evacuation crush;15;15;Crush after the use of tear gas by police;5 references;5;Listed;Listed;2 sources;2;Listed;;5;;;;;;;;
2014;201;Conakry beach concert;Guinea;No;South;Exterior crowd crush;34;34;Crush at a very overcrowded concert;2 references;2;;Listed;3 sources;3;Listed;;4;;;;;;;;
2014;201;Electric wire in India;India;Partially;South;Exterior crowd crush;10;10;Accident trigerred by an electric cable accident;;;;;;;Listed;;1;;;;;;;;
2014;201;Dussehra festival in Patna;India;Partially;South;Exterior crowd crush;32;32;Potentially, rumor that an electric cable had fallen ;4 references;4;;Listed;5 sources;5;Listed;;4;;;;;;;;
2014;201;PRI Multan rally;Pakistan;No;South;Exterior crowd crush;7;7;Evacuation of the stadium after the event, without power;10 references;10;;Listed;4 sources;4;Listed;;4;;;;;;;;
2014;201;4minute concert;South Korea;No;North;Structure collapse;14;14;Grate failing during an outdoor concert;;;;;4 sources;4;;;1;;;;;;;;
2014;201;Kwekwe stadium;Zimbabwe;Yes;South;Exterior crowd crush;11;11;All stadium gates closed but one at the end of the service;2 references;2;;Listed;2 sources;2;Listed;Kwekwe stadium stampede;5;#REF!;;;;;;;
2014;201;2014 Shanghai stampede;China;No;South;Exterior crowd crush;36;36;Different flowd on stairs at a crowded New Year event;20 references;20;Listed;Listed;7 sources;7;Listed;2014 Shanghai stampede;6;;;;;;;;Point(121.486138888 31.238027777)
2015;201;Hogmanay celebrations;United Kingdom;Yes;North;Exterior crowd crush;0;0;Crowd crushing problems at a celebration event;;;Listed;;;;;;1;;;;;;;;
2015;201;30 June Stadium Stampede;Egypt;No;South;Evacuation crush;28;28;Evacuation crush after police used tear gas against a riot;8 references;8;;Listed;5 sources;5;Listed;30 June Stadium Stampede;5;;;;;;;;Point(31.3736 30.02)
2015;201;Haiti Carnival stampede;Haiti;No;South;Exterior crowd crush;20;20;Crush after a man was shocked by electric wires;8 references;8;;Listed;7 sources;7;Listed;2015 Haiti Carnival stampede;5;;;;;;;;
2015;201;Festival in Bangladesh 2015;Bangladesh;No;South;Exterior crowd crush;10;10;Unclear crush on riverbanks at a religious festival;;;;;;;Listed;;1;;;;;;;;
2015;201;Fan Bingbing event;China;No;South;Exterior crowd crush;0;0;Crowd incidents at an event with actress Fan Bingbing;;;Listed;;;;;;1;;;;;;;;
2015;201;Tsunami club collapse;Chile;No;South;Structure collapse;3;3;Structure collapse due to overcrowding in the club;;;Listed;;4 sources;4;Listed;;3;;;;;;;;
2015;201;Guita Gran;Spain;No;North;Unknown;;0;;;;Listed;;;;;;1;;;;;;;;
2015;201;Rock am Ring lightning;Germany;No;North;Not a crush;;0;Two bolts of lightning at a festival;;;Listed;;;;;;;;;;;;;;
2015;201;Formosa water park explosion;Taiwan;No;North;Not a crush;;0;Color powder sprayed on the crowd ignited;;;Listed;;;;;;;;;;;;;;
2015;201;Mymensigh charity;Bangladesh;No;South;Exterior crowd crush;23;23;People trying to enter for a clothes distribution;2 references;2;Listed;Listed;;;Listed;;4;;;;;;;;
2015;201;Maha Pushkaralu;India;Partially;South;Exterior crowd crush;27;27;Collision of pilgrim flows on the river bank;1 reference;1;Listed;Listed;5 sources;5;Listed;;5;;;;;;;;
2015;201;Baidyanath Temple;India;Partially;South;Exterior crowd crush;11;11;Police charging pilgrims trying to skip the queue;2 references;2;Listed;Listed;4 sources;4;Listed;;5;;;;;;;;
2015;201;Somvati Amavasya;India;Partially;South;Exterior crowd crush;10;10;Live electrical wire creating a crush;;;Listed;Listed;;;;;2;;;;;;;;
2015;201;2015 Hajj stampede;Saudi Arabia;No;South;Exterior crowd crush;2411;2411;Unclear, collision of flows from two streets in the city;218 references;218;Listed;Listed;27 sources;27;Listed;2015 Mina stampede;6;;;;;;;;Point(39.884694444 21.416527777)
2015;201;Bydgoszcz student party;Poland;No;North;Interior crowd crush;3;3;Crowd crush at a students event;1 reference;1;Listed;Listed;No source;;Listed;;5;;;;;;;;
2015;201;Durga idol Kolkata;India;Partially;South;Exterior crowd crush;0;0;Crowd injuries after unexpected attendance;;;Listed;Listed;;;;;2;;;;;;;;
2015;201;Omnisport Stadium Douala;Cameroon;Partially;South;Exterior crowd crush;1;1;Unclear situation during the night at the stadium;;;Listed;Listed;;;Listed;;3;;;;;;;;
2015;201;Taloqan school;Afghanistan;No;South;Evacuation crush;15;15;Crush on a stairway during earthquake evacuation;;;;Listed;;;Listed;;2;;;;;;;;
2015;201;Colectiv nightclub fire;Romania;No;North;Evacuation crush;64;64;Fire, crush part unknown;;;;;5 sources;5;;Colectiv nightclub fire;2;;pyrotechnics;;;2015 Romanian protests;;;Point(26.108064 44.420865)
2015;201;Malta club evacuation;Malta;Yes;North;Structure collapse;0;0;Bannister collapse after a club evacuation;;;;;;;Listed;;1;;;;;;;;
2015;201;Temple pond in India 2015;India;Partially;South;Exterior crowd crush;4;4;Unclear crush at the temple following overcrowding;;;;;;;Listed;;1;;;;;;;;
2016;201;Austrian concert gun use;Austria;No;North;Not a crush;3;3;Gun use at a concert;;;;;6 sources;;;;;;;;;;;;
2016;201;2016 Oromo protests;Ethiopia;No;South;Exterior crowd crush;300;300;Police charging during protestations;6 references;6;Listed;Listed;;;Listed;;4;;;;;;;;
2016;201;Political rally in India 2016;India;Partially;South;Exterior crowd crush;2;2;Unclear crush when using gates at the 100,000 persons rally;;;;;;;Listed;;1;;;;;;;;
2016;201;Rajghat Bridge;India;Partially;South;Exterior crowd crush;24;24;Many more people than expected at a religious retreat;2 references;2;Listed;Listed;;;Listed;;4;;;;;;;;
2016;201;Ghost Ship warehouse fire;USA;Yes;North;Not a crush;36;36;Fire, no crush cited;;;;;10 sources;;;;;;;;;;;;
2017;201;Sagar Island crush;India;Partially;South;Exterior crowd crush;6;6;Boarding vessels during a religious festival;2 references;2;;;;;Listed;;2;;;;;;;;
2017;201;Estadio 4 de Janeiro;Angola;No;South;Exterior crowd crush;17;17;People trying to enter the stadium;1 reference;1;Listed;Listed;1 source;1;Listed;;5;stampede;;;;;;;
2017;201;Lusaka food distribution;Zambia;Yes;South;Exterior crowd crush;8;8;Food parcel distribution;1 reference;1;Listed;Listed;;;Listed;;4;;;;;;;;
2017;201;Indio Solari concert;Argentina;No;South;Exterior crowd crush;2;2;Unplanned overcrowded concert;1 reference;1;;Listed;4 sources;4;Listed;;4;;;;;;;;
2017;201;Manchester terror attack;United Kingdom;Yes;North;Not a crush;;0;Terror attack;;;;;27 sources;;;;;;;;;;;;
2017;201;Tegucigalpa stadium;Honduras;No;South;Exterior crowd crush;4;4;People trying to enter an overcrowded stadium;;;Listed;;5 sources;5;Listed;;3;;;;;;;;
2017;201;School in China 2017;China;No;South;Interior crowd crush;2;2;Crush in a school;1 reference;1;;Listed;;;Listed;;3;;;;;;;;
2017;201;Resort World Manila;Philippines;No;South;Evacuation crush;0;0;70 injured in the evacuation after an attack in which 37 died;59 references;59;;Listed;4 sources;4;;;3;;;;;;;;
2017;201;2017 Turin stampede;Italy;No;North;Exterior crowd crush;3;3;Robbery with pepper spray in the dense crowd;13 references;13;Listed;Listed;4 sources;4;Listed;2017 Turin stampede;6;;;;;;;;Point(7.68259 45.06773)
2017;201;Lilongwe's Bingu national stadium;Malawi;Yes;South;Exterior crowd crush;8;8;Stadium admittance poorly managed;2 references;2;Listed;Listed;4 sources;4;Listed;;5;;;;;;;;
2017;201;Demba Diop stadium crush;Senegal;No;South;Exterior crowd crush;8;8;Unclear if wall collapse caused crush or the opposite;2 references;2;Listed;Listed;5 sources;5;Listed;Demba Diop stadium crush;6;;;;;;;;
2017;201;Soweto derby;South Africa;Partially;South;Exterior crowd crush;2;2;Crush when entering the stadium;1 reference;1;Listed;Listed;5 sources;5;Listed;;5;;;;;;;;
2017;201;Cox's Bazar refugee camp;Bangladesh;No;South;Exterior crowd crush;3;3;Crush at a clothing and food air collection;1 reference;1;;Listed;;;Listed;;3;;;;;;;;
2017;201;Mumbai Elphinstone station;India;Partially;South;Exterior crowd crush;22;22;Crush on a covered stairway after heavy rain;1 reference;1;Listed;Listed;4 sources;4;Listed;2017 Mumbai stampede;6;;;;;;;;Point(72.835976 19.007533)
2017;201;Stade de la Licorne;France;No;North;Structure collapse;0;0;Barrier collapse during a football game;;;Listed;;;;Listed;;2;;;;;;;;
2017;201;Kartik Purnima 2017;India;Partially;South;Exterior crowd crush;3;3;Crush during ritual bathing;1 reference;1;;Listed;5 sources;5;Listed;;4;;;;;;;;
2017;201;Sidi Boulaalam distribution;Morocco;No;South;Exterior crowd crush;15;15;Crowd storming a barrier at a food distribution;1 reference;1;Listed;Listed;;;Listed;;4;;;;;;;;
2017;201;UK subway fight;United Kingdom;Yes;North;Unknown;0;0;People trying to seek shelter after a rumor of gun use;;;;;;;Listed;;1;;;;;;;;
2017;201;Chowdury funeral;Bangladesh;No;South;Exterior crowd crush;10;10;Unclear crush at a politician funeral;1 reference;1;;Listed;3 sources;3;Listed;;4;;;;;;;;
2018;201;Army recruitment in Bihar;India;Partially;South;Exterior crowd crush;1;1;Crowd rushed the gates to enter;1 reference;1;;Listed;;;Listed;;3;;;;;;;;
2018;201;Freetown stadium;Sierra Leone;Yes;South;Exterior crowd crush;1;1;Crowd trying to enter the inauguration and police response;1 reference;1;;Listed;4 sources;4;Listed;;4;;;;;;;;
2018;201;Ouagadougou ceremony;Burkina Faso;No;South;Exterior crowd crush;6;6;Crush at the end of a religious ceremony;;;;Listed;;;;;1;;;;;;;;
2018;201;Zakat distribution in Chittagong;Bangladesh;No;South;Exterior crowd crush;10;10;Overcrowding at a gift distribution;1 reference;1;;Listed;3 sources;3;Listed;;4;;;;;;;;
2018;201;Bihar Sharif station;India;Partially;South;Exterior crowd crush;0;0;Rumor of an earthquake;;;;;;;Listed;;1;;;;;;;;
2018;201;El Paraíso club;Venezuela;No;South;Evacuation crush;17;17;Tear gas in a club, crush part unknown;22 references;22;Listed;Listed;3 sources;3;Listed;El ParaÃ­so stampede;6;;;;;;;;Point(-66.9337 10.4907)
2018;201;Karunanidhi mourning;India;Partially;South;Exterior crowd crush;5;5;Crowd surge at the entrance of Rajaji Hall;1 reference;1;;Listed;4 sources;4;Listed;;4;;;;;;;;
2018;201;Madagascar stadium 2018;Madagascar;No;South;Exterior crowd crush;1;1;People trying to enter the already full stadium;1 reference;1;Listed;Listed;3 sources;3;Listed;;5;;;;;;;;
2018;201;Luanda stadium;Angola;No;South;Exterior crowd crush;5;5;Late opening of the gates at the end of the match;1 reference;1;Listed;Listed;3 sources;3;Listed;;5;;;;;;;;
2018;201;Lanterna azzurra club;Italy;No;North;Evacuation crush;6;6;Substance spray triggering evacuation, structure collapse;9 references;9;Listed;Listed;5 sources;5;Listed;Q59564703;6;;;;;;;;Point(13.0291 43.66237)
2018;201;Shepherd Bushiri's Church;South Africa;Partially;South;Exterior crowd crush;3;3;Rain started before the crush service;1 reference;1;;Listed;;;Listed;;3;;;;;;;;
2019;201;President Buhali rally;Nigeria;Yes;South;Exterior crowd crush;15;15;Crowd trying to follow the president through a gate;;;Listed;;4 sources;4;Listed;;3;;;;;;;;
2019;201;Chinese New Year in KL;Malaysia;No;South;Exterior crowd crush;2;2;Rush to get buffet meal vouchers at a market;;;Listed;;;;Listed;;2;;;;;;;;
2019;201;Cookstown hotel disco crush;United Kingdom;Yes;North;Exterior crowd crush;3;3;Apparently, crush at the entrance of the club;1 reference;1;Listed;Listed;5 sources;5;Listed;;5;;;;;;;;
2019;201;Chitira Pournami;India;Partially;South;Exterior crowd crush;7;7;Accident during a religious ceremony;;;;Listed;;;;;1;;;;;;;;
2019;201;Madagascar stadium 2019;Madagascar;No;South;Exterior crowd crush;16;16;Gates closed when crowd was entering the stadium;10 references;10;Listed;Listed;4 sources;4;Listed;Antananarivo stampede;6;;;;;;;;
2019;201;Kancheepuram temple;India;Partially;South;Exterior crowd crush;4;4;Accident during a religious ceremony;;;;Listed;;;;;1;;;;;;;;
2019;201;Soolking concert;Algeria;No;South;Exterior crowd crush;5;5;Unsufficient entrance capacity at the stadium;1 reference;1;;Listed;5 sources;5;Listed;;4;;;;;;;;
2019;201;Indramaneshwar Temple;India;Partially;South;Exterior crowd crush;1;1;Accident during a religious ceremony;;;;Listed;;;;;1;;;;;;;;
2019;201;Kachua Loknath temple;India;Partially;South;Exterior crowd crush;2;2;Accident during a religious ceremony;;;;Listed;;;;;1;;;;;;;;
2019;201;Karbala stampede;Iraq;No;South;Exterior crowd crush;31;31;Unclear, potentially a structure collapse during the run;6 references;6;;Listed;;;Listed;Karbala stampede;4;;;;;;;;
2019;201;President Nyusi rally;Mozambique;No;South;Exterior crowd crush;10;10;Crush when leaving the stadium;;;;Listed;;;;;1;;;;;;;;
2019;201;Netro Shorty concert;Venezuela;No;South;Exterior crowd crush;3;3;Unclear accident at the concert;11 references;11;;Listed;3 sources;3;Listed;;4;;;;;;;;
2019;201;Paraisopolis police raid;Brazil;No;South;Evacuation crush;9;9;Police raid during a party;1 reference;1;;Listed;3 sources;3;Listed;;4;;;;;;;;
2019;201;Kowloon 2019;China;No;South;Unknown;;0;;;;;;;;;Q85881904;1;;;;;;;;
2019;201;Crush in Angola 2019;Angola;No;South;Exterior crowd crush;12;12;Unclear;;;;Listed;;;;;1;;;;;;;;
2020;202;Funeral of Soleimani;Iran;No;South;Exterior crowd crush;56;56;Unclear crush during the funerals;1 reference;1;;Listed;5 sources;5;;;3;;;;;;;;
2020;202;Church service in Moshi;Tanzania;No;South;Interior crowd crush;20;20;Crush when attendees reached an exit;1 reference;1;;Listed;4 sources;4;;;3;;;;;;;;
2020;202;Kakamega school;Kenya;Yes;South;Interior crowd crush;14;14;Staircase crsuh;1 reference;1;;Listed;;;;;2;;;;;;;;
2020;202;Diffa aid distribution;Niger;No;South;Exterior crowd crush;20;20;Crush at aid distribution;1 reference;1;;Listed;;;;;2;;;;;;;;
2020;202;Maligawatta distribution;Sri Lanka;No;South;Exterior crowd crush;3;3;Crush at aid distribution;12 references;12;;Listed;;;;2020 Maligawatta stampede;3;#REF!;;;;;;;Point(79.87194444 6.93722222)
2020;202;Thomas Restobar nightclub;Peru;No;South;Evacuation crush;13;13;Evacuation crush after a police raid;8 references;8;;Listed;9 sources;9;;Los Olivos stampede;4;;;;;;;;Point(-77.06475 -11.965666666)
2020;202;Jalalabab Stadium;Afghanistan;No;South;Exterior crowd crush;15;15;Crush in a stadium during massive visa applications;2 references;2;;Listed;7 sources;7;;;3;;;;;;;;
2020;202;Rivers Xmas;Nigeria;Yes;South;Exterior crowd crush;2;2;Crowd trying to access Xmas packages distribution;;;;;2 sources;2;;;1;;;;;;;;
2021;202;Mela Ground festival;India;Partially;South;Exterior crowd crush;2;2;Crush at the opening of the concert doors;;;;;4 sources;4;;;1;;;;;;;;
2021;202;US Capitol insurrection;USA;Yes;North;Unknown;5;5;Insurrection, potentially one person crushed to death;;;;;12 sources;12;;;1;;;;;;;;
2021;202;Nancy B. Doe stadium;Liberia;No;South;Exterior crowd crush;2;2;Rush to be the first one to be blessed;;;;Listed;;;;;1;;;;;;;;
2021;202;Uhuru stadium;Tanzania;No;South;Exterior crowd crush;45;45;Overcrowding at a public viewing of the deceased president;2 references;2;;Listed;6 sources;6;;;3;;;;;;;;
2021;202;Meron crowd crush;Israel;No;North;Exterior crowd crush;45;45;Crush when using a narrow and slippery exit;62 references;62;;Listed;7 sources;7;;;3;;;;;;;;
2021;202;2021 Astroworld stampede;USA;Yes;North;Exterior crowd crush;10;10;Poor crowd management at a concert;214 references;214;;Listed;32 sources;32;;2021 Astroworld stampede;4;;;;;;;;Point(-95.407777777 29.683055555)
2022;202;Vaishno Devi Temple stampede;India;Partially;South;Exterior crowd crush;12;12;Crush at a religious event;9 references;9;;Listed;4 sources;4;;Vaishno Devi Temple stampede;4;;;;;;;;Point(74.9482 33.0299)
2022;202;Monrovia church service;Liberia;No;South;Evacuation crush;29;29;Crush at a religious event after an attack;;;;Listed;;;;;1;;;;;;;;
2022;202;Liv's Night Club Fire;Cameroon;Partially;South;Unknown;17;17;Fire, no crush mentioned;;;;;5 sources;5;;;1;;;;;;;;
2022;202;Olembe stadium;Cameroon;Partially;South;Exterior crowd crush;8;8;Crush when entering the stadium;3 references;3;;Listed;10 sources;10;;;3;;;;;;;;
2022;202;Desdunes carnival;Haiti;No;South;Exterior crowd crush;17;17;Crush after a singer was harmed by an electric power line;;;;;4 sources;4;;;1;;;;;;;;
2022;202;Mass shooting in Dallas;USA;Yes;North;Not a crush;1;1;Shooting at a concert;;;;;6 sources;;;;;;;;;;;;
2022;202;Charity event in Nigeria 2022;Nigeria;Yes;South;Exterior crowd crush;31;31;Crowd trying to enter a church charity event;14 references;14;;Listed;5 sources;5;;2022 Port Harcourt stampede;4;;;;;;;;
2022;202;Gelora Bandung Lautan Api Stadium;Indonesia;No;South;Exterior crowd crush;2;2;Crush when entering the stadium;14 references;14;;Listed;6 sources;6;;;3;;;;;;;;
2022;202;Midsummer night festival;Austria;No;North;Not a crush;1;1;Accident at a festival;;;;;4 sources;;;;;;;;;;;;
2022;202;Rajasthan Temple of Sikar;India;Partially;South;Exterior crowd crush;3;3;Crush at the opening of the temple;;;;Listed;4 sources;4;;;2;;;;;;;;
2022;202;Medusa festival stage collapse;Spain;No;North;Not a crush;1;1;Structure collapse due to a storm;;;;;4 sources;;;;;;;;;;;;
2022;202;Melilla border;Morocco;No;South;Exterior crowd crush;2;2;Crush when the crowd tried to cross the border;;;;Listed;;;;;1;;;;;;;;
2022;202;Festival in Quetzaltenango;Guatemala;No;South;Exterior crowd crush;9;9;Conflicting flows during the concert;;;;Listed;4 sources;4;;;2;;;;;;;;
2022;202;Kanjuruhan Stadium disaster;Indonesia;No;South;Exterior crowd crush;135;135;Police using tear gas at the stadium;145 references;145;;Listed;14 sources;14;;Kanjuruhan Stadium disaster;4;;;;;;;;Point(112.573056 -8.150556)
2022;202;Itaewon Halloween crush;South Korea;No;North;Exterior crowd crush;159;159;Overcrowded streets;;;;Listed;16 sources;16;;;2;;;;;;;;
2022;202;Morbi bridge collapse;India;Partially;South;Structure collapse;141;141;Overcrowding on the bridge;;;;;5 sources;5;;;1;;;;;;;;
2022;202;Kinshasa stadium;Congo;No;South;Exterior crowd crush;11;11;Overcrowded concert at the stadium;1 reference;1;;;3 sources;3;;;2;;;;;;;;
2022;202;An Phu karaoke fire;Vietnam;No;South;Not a crush;32;32;Fire, no crush mentioned;;;;;3 sources;;;;;;;;;;;;
2022;202;Asake concert in Brixton;United Kingdom;Yes;North;Interior crowd crush;2;2;Overcrowded concert entrance;37 references;37;;;8 sources;8;;;2;;;;;;;;
2022;202;Naidu rally in Kandukur;India;Partially;South;Exterior crowd crush;7;7;People would have started to run in one direction;1 reference;1;;;No source;;;;2;;;;;;;;
